2026-01-18 15:01:53,914 - INFO - [31m[1mWARNING: This is a development server. Do not use it in a production deployment. Use a production WSGI server instead.[0m
 * Running on all addresses (0.0.0.0)
 * Running on http://127.0.0.1:5001
 * Running on http://100.64.100.6:5001
2026-01-18 15:01:53,914 - INFO - [33mPress CTRL+C to quit[0m
2026-01-18 15:01:53,914 - INFO -  * Restarting with stat
2026-01-18 15:01:54,046 - WARNING -  * Debugger is active!
2026-01-18 15:01:54,049 - INFO -  * Debugger PIN: 312-619-333
2026-01-18 15:02:02,332 - INFO - [31m[1mWARNING: This is a development server. Do not use it in a production deployment. Use a production WSGI server instead.[0m
 * Running on all addresses (0.0.0.0)
 * Running on http://127.0.0.1:5001
 * Running on http://100.64.100.6:5001
2026-01-18 15:02:02,332 - INFO - [33mPress CTRL+C to quit[0m
2026-01-18 15:02:02,333 - INFO -  * Restarting with stat
2026-01-18 15:02:02,462 - WARNING -  * Debugger is active!
2026-01-18 15:02:02,464 - INFO -  * Debugger PIN: 312-619-333
2026-01-18 15:02:11,724 - INFO - 127.0.0.1 - - [18/Jan/2026 15:02:11] "GET /health HTTP/1.1" 200 -
2026-01-18 15:03:04,162 - INFO - 127.0.0.1 - - [18/Jan/2026 15:03:04] "GET / HTTP/1.1" 200 -
2026-01-18 15:03:04,221 - INFO - 127.0.0.1 - - [18/Jan/2026 15:03:04] "[35m[1mGET /favicon.ico HTTP/1.1[0m" 204 -
2026-01-18 15:05:41,476 - INFO - 127.0.0.1 - - [18/Jan/2026 15:05:41] "GET / HTTP/1.1" 200 -
2026-01-18 15:05:41,513 - INFO - 127.0.0.1 - - [18/Jan/2026 15:05:41] "[35m[1mGET /favicon.ico HTTP/1.1[0m" 204 -
2026-01-18 15:05:42,420 - INFO - 127.0.0.1 - - [18/Jan/2026 15:05:42] "GET / HTTP/1.1" 200 -
2026-01-18 15:05:42,448 - INFO - 127.0.0.1 - - [18/Jan/2026 15:05:42] "[35m[1mGET /favicon.ico HTTP/1.1[0m" 204 -
2026-01-18 15:15:49,049 - INFO -  * Detected change in '/home/cipher/Downloads/automation/app.py', reloading
2026-01-18 15:15:49,099 - INFO -  * Restarting with stat
2026-01-18 15:15:49,250 - WARNING -  * Debugger is active!
2026-01-18 15:15:49,252 - INFO -  * Debugger PIN: 312-619-333
2026-01-18 15:15:54,283 - INFO -  * Detected change in '/home/cipher/Downloads/automation/app.py', reloading
2026-01-18 15:15:54,328 - INFO -  * Restarting with stat
2026-01-18 15:15:54,467 - WARNING -  * Debugger is active!
2026-01-18 15:15:54,469 - INFO -  * Debugger PIN: 312-619-333
2026-01-18 15:16:10,481 - INFO - 127.0.0.1 - - [18/Jan/2026 15:16:10] "GET /health HTTP/1.1" 200 -
2026-01-18 15:16:16,584 - INFO -  * Detected change in '/home/cipher/Downloads/automation/app.py', reloading
2026-01-18 15:16:16,628 - INFO -  * Restarting with stat
2026-01-18 15:16:16,764 - WARNING -  * Debugger is active!
2026-01-18 15:16:16,766 - INFO -  * Debugger PIN: 312-619-333
2026-01-18 15:26:30,541 - INFO - ====== WebDriver manager ======
2026-01-18 15:26:30,624 - INFO - Get LATEST chromedriver version for google-chrome
2026-01-18 15:26:31,602 - INFO - Get LATEST chromedriver version for google-chrome
2026-01-18 15:26:32,669 - INFO - There is no [linux64] chromedriver "143.0.7499.192" for browser google-chrome "143.0.7499" in cache
2026-01-18 15:26:32,669 - INFO - Get LATEST chromedriver version for google-chrome
2026-01-18 15:26:35,581 - INFO - WebDriver version 143.0.7499.192 selected
2026-01-18 15:26:35,584 - INFO - Modern chrome version https://storage.googleapis.com/chrome-for-testing-public/143.0.7499.192/linux64/chromedriver-linux64.zip
2026-01-18 15:26:35,592 - INFO - About to download new driver from https://storage.googleapis.com/chrome-for-testing-public/143.0.7499.192/linux64/chromedriver-linux64.zip
2026-01-18 15:26:36,666 - INFO - Driver downloading response is 200
2026-01-18 15:26:40,248 - INFO - Get LATEST chromedriver version for google-chrome
2026-01-18 15:26:41,662 - INFO - Driver has been saved in cache [/home/cipher/.wdm/drivers/chromedriver/linux64/143.0.7499.192]
2026-01-18 15:26:41,684 - ERROR - ❌ Failed to initialize browser: [Errno 8] Exec format error: '/home/cipher/.wdm/drivers/chromedriver/linux64/143.0.7499.192/chromedriver-linux64/THIRD_PARTY_NOTICES.chromedriver'
2026-01-18 15:26:41,684 - INFO - 127.0.0.1 - - [18/Jan/2026 15:26:41] "POST /start_booking HTTP/1.1" 200 -
2026-01-18 15:26:49,333 - INFO - 127.0.0.1 - - [18/Jan/2026 15:26:49] "[33mGET /.well-known/appspecific/com.chrome.devtools.json HTTP/1.1[0m" 404 -
2026-01-18 15:27:30,161 - INFO -  * Detected change in '/home/cipher/Downloads/automation/app.py', reloading
2026-01-18 15:27:30,214 - INFO -  * Restarting with stat
2026-01-18 15:27:30,360 - WARNING -  * Debugger is active!
2026-01-18 15:27:30,363 - INFO -  * Debugger PIN: 312-619-333
2026-01-18 15:27:41,399 - INFO -  * Detected change in '/home/cipher/Downloads/automation/app.py', reloading
2026-01-18 15:27:41,459 - INFO -  * Restarting with stat
2026-01-18 15:27:41,608 - WARNING -  * Debugger is active!
2026-01-18 15:27:41,610 - INFO -  * Debugger PIN: 312-619-333
2026-01-18 15:27:44,619 - INFO -  * Detected change in '/home/cipher/Downloads/automation/app.py', reloading
2026-01-18 15:27:44,675 - INFO -  * Restarting with stat
2026-01-18 15:27:44,820 - WARNING -  * Debugger is active!
2026-01-18 15:27:44,823 - INFO -  * Debugger PIN: 312-619-333
2026-01-18 15:28:06,878 - INFO -  * Detected change in '/home/cipher/Downloads/automation/app.py', reloading
2026-01-18 15:28:06,938 - INFO -  * Restarting with stat
2026-01-18 15:28:07,086 - WARNING -  * Debugger is active!
2026-01-18 15:28:07,088 - INFO -  * Debugger PIN: 312-619-333
2026-01-18 15:28:19,128 - INFO -  * Detected change in '/home/cipher/Downloads/automation/app.py', reloading
2026-01-18 15:28:19,183 - INFO -  * Restarting with stat
2026-01-18 15:33:17,769 - INFO - [31m[1mWARNING: This is a development server. Do not use it in a production deployment. Use a production WSGI server instead.[0m
 * Running on all addresses (0.0.0.0)
 * Running on http://127.0.0.1:5001
 * Running on http://100.64.100.6:5001
2026-01-18 15:33:17,769 - INFO - [33mPress CTRL+C to quit[0m
2026-01-18 15:33:17,770 - INFO -  * Restarting with stat
2026-01-18 15:33:17,925 - WARNING -  * Debugger is active!
2026-01-18 15:33:17,926 - INFO -  * Debugger PIN: 312-619-333
2026-01-18 15:33:33,614 - INFO - 127.0.0.1 - - [18/Jan/2026 15:33:33] "GET / HTTP/1.1" 200 -
2026-01-18 15:33:33,706 - INFO - 127.0.0.1 - - [18/Jan/2026 15:33:33] "[35m[1mGET /favicon.ico HTTP/1.1[0m" 204 -
2026-01-18 15:35:14,608 - INFO - ====== WebDriver manager ======
2026-01-18 15:35:14,674 - INFO - Get LATEST chromedriver version for google-chrome
2026-01-18 15:35:15,764 - INFO - Get LATEST chromedriver version for google-chrome
2026-01-18 15:35:16,704 - INFO - Driver [/home/cipher/.wdm/drivers/chromedriver/linux64/143.0.7499.192/chromedriver-linux64/THIRD_PARTY_NOTICES.chromedriver] found in cache
2026-01-18 15:35:17,551 - INFO - ✅ Browser initialized successfully
2026-01-18 15:35:17,551 - INFO - 🚀 Starting booking automation
2026-01-18 15:35:17,552 - INFO - 🔐 IMPORTANT: Please wait...
2026-01-18 15:35:17,552 - INFO - ⏸️ Initializing...
2026-01-18 15:35:27,871 - INFO - ✅ Internet connection verified
2026-01-18 15:35:27,872 - INFO - 🌐 Attempting to load website...
2026-01-18 15:35:27,872 - INFO - 🌐 Navigating to https://www.g4k.go.kr/cipl/0100/login.do
2026-01-18 15:35:41,214 - INFO - ✅ Page loaded: 404 Error Page
2026-01-18 15:35:41,214 - INFO - ⏳ Waiting for page to load completely...
2026-01-18 15:35:41,239 - ERROR - ❌ Website showing 404 error page!
2026-01-18 15:35:41,458 - INFO - 📸 Screenshot saved: error_404_page.png
2026-01-18 15:35:44,518 - INFO - 🔒 Browser closed
2026-01-18 15:35:44,518 - INFO - 127.0.0.1 - - [18/Jan/2026 15:35:44] "POST /start_booking HTTP/1.1" 200 -
2026-01-18 15:36:04,375 - INFO - ====== WebDriver manager ======
2026-01-18 15:36:04,451 - INFO - Get LATEST chromedriver version for google-chrome
2026-01-18 15:36:05,446 - INFO - Get LATEST chromedriver version for google-chrome
2026-01-18 15:36:06,358 - INFO - Driver [/home/cipher/.wdm/drivers/chromedriver/linux64/143.0.7499.192/chromedriver-linux64/THIRD_PARTY_NOTICES.chromedriver] found in cache
2026-01-18 15:36:07,134 - INFO - ✅ Browser initialized successfully
2026-01-18 15:36:07,134 - INFO - 🚀 Starting booking automation
2026-01-18 15:36:07,134 - INFO - 🔐 IMPORTANT: Please wait...
2026-01-18 15:36:07,134 - INFO - ⏸️ Initializing...
2026-01-18 15:36:17,330 - INFO - ✅ Internet connection verified
2026-01-18 15:36:17,331 - INFO - 🌐 Attempting to load website...
2026-01-18 15:36:17,331 - INFO - 🌐 Navigating to https://www.g4k.go.kr/cipl/0100/login.do
2026-01-18 15:36:31,299 - INFO - ✅ Page loaded: 404 Error Page
2026-01-18 15:36:31,299 - INFO - ⏳ Waiting for page to load completely...
2026-01-18 15:36:31,312 - ERROR - ❌ Website showing 404 error page!
2026-01-18 15:36:31,541 - INFO - 📸 Screenshot saved: error_404_page.png
2026-01-18 15:36:34,605 - INFO - 🔒 Browser closed
2026-01-18 15:36:34,605 - INFO - 127.0.0.1 - - [18/Jan/2026 15:36:34] "POST /start_booking HTTP/1.1" 200 -
2026-01-18 15:37:37,656 - INFO - 127.0.0.1 - - [18/Jan/2026 15:37:37] "GET /health HTTP/1.1" 200 -
2026-01-18 15:37:38,540 - INFO - 127.0.0.1 - - [18/Jan/2026 15:37:38] "GET / HTTP/1.1" 200 -
2026-01-18 15:37:52,671 - INFO - 127.0.0.1 - - [18/Jan/2026 15:37:52] "GET /health HTTP/1.1" 200 -
2026-01-18 15:37:53,707 - INFO - 127.0.0.1 - - [18/Jan/2026 15:37:53] "GET / HTTP/1.1" 200 -
2026-01-18 15:37:53,715 - INFO - 127.0.0.1 - - [18/Jan/2026 15:37:53] "GET /health HTTP/1.1" 200 -
2026-01-18 15:37:53,722 - INFO - 127.0.0.1 - - [18/Jan/2026 15:37:53] "[35m[1mGET /favicon.ico HTTP/1.1[0m" 204 -
2026-01-18 15:38:59,570 - INFO - ====== WebDriver manager ======
2026-01-18 15:38:59,634 - INFO - Get LATEST chromedriver version for google-chrome
2026-01-18 15:39:00,570 - INFO - Get LATEST chromedriver version for google-chrome
2026-01-18 15:39:01,350 - INFO - Driver [/home/cipher/.wdm/drivers/chromedriver/linux64/143.0.7499.192/chromedriver-linux64/THIRD_PARTY_NOTICES.chromedriver] found in cache
2026-01-18 15:39:02,121 - INFO - ✅ Browser initialized successfully
2026-01-18 15:39:02,121 - INFO - 🚀 Starting booking automation
2026-01-18 15:39:02,121 - INFO - 🔐 IMPORTANT: Please wait...
2026-01-18 15:39:02,121 - INFO - ⏸️ Initializing...
2026-01-18 15:39:12,291 - INFO - ✅ Internet connection verified
2026-01-18 15:39:12,291 - INFO - 🌐 Attempting to load website...
2026-01-18 15:39:12,291 - INFO - 🌐 Navigating to https://www.g4k.go.kr/cipl/0100/login.do
2026-01-18 15:39:24,233 - INFO - ✅ Page loaded: 404 Error Page
2026-01-18 15:39:24,233 - INFO - ⏳ Waiting for page to load completely...
2026-01-18 15:39:24,251 - ERROR - ❌ Website showing 404 error page!
2026-01-18 15:39:24,458 - INFO - 📸 Screenshot saved: error_404_page.png
2026-01-18 15:39:27,522 - INFO - 🔒 Browser closed
2026-01-18 15:39:27,522 - INFO - 127.0.0.1 - - [18/Jan/2026 15:39:27] "POST /start_booking HTTP/1.1" 200 -
2026-01-18 15:40:56,867 - INFO - 127.0.0.1 - - [18/Jan/2026 15:40:56] "GET / HTTP/1.1" 200 -
2026-01-18 15:40:56,912 - INFO - 127.0.0.1 - - [18/Jan/2026 15:40:56] "[35m[1mGET /favicon.ico HTTP/1.1[0m" 204 -
2026-01-18 15:42:15,126 - INFO -  * Detected change in '/home/cipher/Downloads/automation/app.py', reloading
2026-01-18 15:42:15,191 - INFO -  * Restarting with stat
2026-01-18 15:42:15,340 - WARNING -  * Debugger is active!
2026-01-18 15:42:15,342 - INFO -  * Debugger PIN: 312-619-333
2026-01-18 15:42:39,391 - INFO -  * Detected change in '/home/cipher/Downloads/automation/app.py', reloading
2026-01-18 15:42:39,449 - INFO -  * Restarting with stat
2026-01-18 15:42:39,593 - WARNING -  * Debugger is active!
2026-01-18 15:42:39,595 - INFO -  * Debugger PIN: 312-619-333
2026-01-18 15:42:47,616 - INFO -  * Detected change in '/home/cipher/Downloads/automation/app.py', reloading
2026-01-18 15:42:47,675 - INFO -  * Restarting with stat
2026-01-18 15:42:47,821 - WARNING -  * Debugger is active!
2026-01-18 15:42:47,823 - INFO -  * Debugger PIN: 312-619-333
2026-01-18 15:42:52,840 - INFO -  * Detected change in '/home/cipher/Downloads/automation/app.py', reloading
2026-01-18 15:42:52,896 - INFO -  * Restarting with stat
2026-01-18 15:42:53,043 - WARNING -  * Debugger is active!
2026-01-18 15:42:53,045 - INFO -  * Debugger PIN: 312-619-333
2026-01-18 15:43:01,067 - INFO -  * Detected change in '/home/cipher/Downloads/automation/app.py', reloading
2026-01-18 15:43:01,128 - INFO -  * Restarting with stat
2026-01-18 15:43:01,277 - WARNING -  * Debugger is active!
2026-01-18 15:43:01,278 - INFO -  * Debugger PIN: 312-619-333
2026-01-18 15:43:10,309 - INFO -  * Detected change in '/home/cipher/Downloads/automation/app.py', reloading
2026-01-18 15:43:10,361 - INFO -  * Restarting with stat
2026-01-18 15:43:10,506 - WARNING -  * Debugger is active!
2026-01-18 15:43:10,508 - INFO -  * Debugger PIN: 312-619-333
2026-01-18 15:43:15,523 - INFO -  * Detected change in '/home/cipher/Downloads/automation/app.py', reloading
2026-01-18 15:43:15,580 - INFO -  * Restarting with stat
2026-01-18 15:43:15,730 - WARNING -  * Debugger is active!
2026-01-18 15:43:15,731 - INFO -  * Debugger PIN: 312-619-333
2026-01-18 15:43:17,739 - INFO -  * Detected change in '/home/cipher/Downloads/automation/app.py', reloading
2026-01-18 15:43:17,798 - INFO -  * Restarting with stat
2026-01-18 15:43:17,948 - WARNING -  * Debugger is active!
2026-01-18 15:43:17,950 - INFO -  * Debugger PIN: 312-619-333
2026-01-18 15:43:19,960 - INFO -  * Detected change in '/home/cipher/Downloads/automation/app.py', reloading
2026-01-18 15:43:20,023 - INFO -  * Restarting with stat
2026-01-18 15:43:20,182 - WARNING -  * Debugger is active!
2026-01-18 15:43:20,184 - INFO -  * Debugger PIN: 312-619-333
2026-01-18 15:43:21,190 - INFO -  * Detected change in '/home/cipher/Downloads/automation/app.py', reloading
2026-01-18 15:43:21,246 - INFO -  * Restarting with stat
2026-01-18 15:43:21,391 - WARNING -  * Debugger is active!
2026-01-18 15:43:21,393 - INFO -  * Debugger PIN: 312-619-333
2026-01-18 15:43:23,403 - INFO -  * Detected change in '/home/cipher/Downloads/automation/app.py', reloading
2026-01-18 15:43:23,465 - INFO -  * Restarting with stat
2026-01-18 15:43:23,619 - WARNING -  * Debugger is active!
2026-01-18 15:43:23,621 - INFO -  * Debugger PIN: 312-619-333
2026-01-18 15:43:25,629 - INFO -  * Detected change in '/home/cipher/Downloads/automation/app.py', reloading
2026-01-18 15:43:25,688 - INFO -  * Restarting with stat
2026-01-18 15:43:25,840 - WARNING -  * Debugger is active!
2026-01-18 15:43:25,842 - INFO -  * Debugger PIN: 312-619-333
2026-01-18 15:43:27,853 - INFO -  * Detected change in '/home/cipher/Downloads/automation/app.py', reloading
2026-01-18 15:43:27,909 - INFO -  * Restarting with stat
2026-01-18 15:43:28,058 - WARNING -  * Debugger is active!
2026-01-18 15:43:28,059 - INFO -  * Debugger PIN: 312-619-333
2026-01-18 15:43:30,067 - INFO -  * Detected change in '/home/cipher/Downloads/automation/app.py', reloading
2026-01-18 15:43:30,122 - INFO -  * Restarting with stat
2026-01-18 15:43:30,267 - WARNING -  * Debugger is active!
2026-01-18 15:43:30,269 - INFO -  * Debugger PIN: 312-619-333
2026-01-18 15:43:32,279 - INFO -  * Detected change in '/home/cipher/Downloads/automation/app.py', reloading
2026-01-18 15:43:32,340 - INFO -  * Restarting with stat
2026-01-18 15:43:32,489 - WARNING -  * Debugger is active!
2026-01-18 15:43:32,491 - INFO -  * Debugger PIN: 312-619-333
2026-01-18 15:43:34,503 - INFO -  * Detected change in '/home/cipher/Downloads/automation/app.py', reloading
2026-01-18 15:43:34,557 - INFO -  * Restarting with stat
2026-01-18 15:43:34,708 - WARNING -  * Debugger is active!
2026-01-18 15:43:34,710 - INFO -  * Debugger PIN: 312-619-333
2026-01-18 15:43:36,720 - INFO -  * Detected change in '/home/cipher/Downloads/automation/app.py', reloading
2026-01-18 15:43:36,780 - INFO -  * Restarting with stat
2026-01-18 15:43:36,926 - WARNING -  * Debugger is active!
2026-01-18 15:43:36,928 - INFO -  * Debugger PIN: 312-619-333
2026-01-18 15:43:37,933 - INFO -  * Detected change in '/home/cipher/Downloads/automation/app.py', reloading
2026-01-18 15:43:37,992 - INFO -  * Restarting with stat
2026-01-18 15:43:38,138 - WARNING -  * Debugger is active!
2026-01-18 15:43:38,140 - INFO -  * Debugger PIN: 312-619-333
2026-01-18 15:43:40,152 - INFO -  * Detected change in '/home/cipher/Downloads/automation/app.py', reloading
2026-01-18 15:43:40,208 - INFO -  * Restarting with stat
2026-01-18 15:43:40,352 - WARNING -  * Debugger is active!
2026-01-18 15:43:40,354 - INFO -  * Debugger PIN: 312-619-333
2026-01-18 15:43:43,363 - INFO -  * Detected change in '/home/cipher/Downloads/automation/app.py', reloading
2026-01-18 15:43:43,421 - INFO -  * Restarting with stat
2026-01-18 15:43:43,568 - WARNING -  * Debugger is active!
2026-01-18 15:43:43,570 - INFO -  * Debugger PIN: 312-619-333
2026-01-18 15:43:58,608 - INFO -  * Detected change in '/home/cipher/Downloads/automation/app.py', reloading
2026-01-18 15:43:58,664 - INFO -  * Restarting with stat
2026-01-18 15:43:58,818 - WARNING -  * Debugger is active!
2026-01-18 15:43:58,819 - INFO -  * Debugger PIN: 312-619-333
2026-01-18 15:44:01,833 - INFO -  * Detected change in '/home/cipher/Downloads/automation/app.py', reloading
2026-01-18 15:44:01,888 - INFO -  * Restarting with stat
2026-01-18 15:44:02,041 - WARNING -  * Debugger is active!
2026-01-18 15:44:02,043 - INFO -  * Debugger PIN: 312-619-333
2026-01-18 15:44:30,105 - INFO -  * Detected change in '/home/cipher/Downloads/automation/app.py', reloading
2026-01-18 15:44:30,159 - INFO -  * Restarting with stat
2026-01-18 15:44:30,298 - WARNING -  * Debugger is active!
2026-01-18 15:44:30,299 - INFO -  * Debugger PIN: 312-619-333
2026-01-18 15:44:48,353 - INFO - ====== WebDriver manager ======
2026-01-18 15:44:48,418 - INFO - Get LATEST chromedriver version for google-chrome
2026-01-18 15:44:49,335 - INFO - Get LATEST chromedriver version for google-chrome
2026-01-18 15:44:50,396 - INFO - Driver [/home/cipher/.wdm/drivers/chromedriver/linux64/143.0.7499.192/chromedriver-linux64/THIRD_PARTY_NOTICES.chromedriver] found in cache
2026-01-18 15:44:51,249 - INFO - ✅ Browser initialized successfully with anti-bot evasion
2026-01-18 15:44:51,249 - INFO - 🚀 Starting booking automation
2026-01-18 15:44:51,249 - INFO - 🔐 IMPORTANT: Please wait...
2026-01-18 15:44:51,249 - INFO - ⏸️ Initializing...
2026-01-18 15:45:00,696 - INFO - ✅ Internet connection verified
2026-01-18 15:45:00,696 - INFO - 🌐 Attempting to load website...
2026-01-18 15:45:00,697 - INFO - 🌐 Navigating to https://www.g4k.go.kr/cipl/0100/login.do
2026-01-18 15:45:17,021 - INFO - ✅ Page loaded: 404 Error Page
2026-01-18 15:45:17,021 - INFO - ⏳ Waiting for page to load completely...
2026-01-18 15:45:17,028 - ERROR - ❌ Website showing 404 error page!
2026-01-18 15:45:17,259 - INFO - 📸 Screenshot saved: error_404_page.png
2026-01-18 15:45:19,710 - INFO - 🔒 Browser closed
2026-01-18 15:45:19,710 - INFO - 127.0.0.1 - - [18/Jan/2026 15:45:19] "POST /start_booking HTTP/1.1" 200 -
2026-01-18 15:45:39,259 - INFO - ====== WebDriver manager ======
2026-01-18 15:45:39,325 - INFO - Get LATEST chromedriver version for google-chrome
2026-01-18 15:45:40,513 - INFO - Get LATEST chromedriver version for google-chrome
2026-01-18 15:45:41,424 - INFO - Driver [/home/cipher/.wdm/drivers/chromedriver/linux64/143.0.7499.192/chromedriver-linux64/THIRD_PARTY_NOTICES.chromedriver] found in cache
2026-01-18 15:45:42,338 - INFO - ✅ Browser initialized successfully with anti-bot evasion
2026-01-18 15:45:42,338 - INFO - 🚀 Starting booking automation
2026-01-18 15:45:42,338 - INFO - 🔐 IMPORTANT: Please wait...
2026-01-18 15:45:42,338 - INFO - ⏸️ Initializing...
2026-01-18 15:45:54,167 - INFO - ✅ Internet connection verified
2026-01-18 15:45:54,168 - INFO - 🌐 Attempting to load website...
2026-01-18 15:45:54,168 - INFO - 🌐 Navigating to https://www.g4k.go.kr/cipl/0100/login.do
2026-01-18 15:46:09,185 - INFO - ✅ Page loaded: 404 Error Page
2026-01-18 15:46:09,185 - INFO - ⏳ Waiting for page to load completely...
2026-01-18 15:46:09,191 - ERROR - ❌ Website showing 404 error page!
2026-01-18 15:46:09,337 - INFO - 📸 Screenshot saved: error_404_page.png
2026-01-18 15:46:11,467 - INFO - 🔒 Browser closed
2026-01-18 15:46:11,467 - INFO - 127.0.0.1 - - [18/Jan/2026 15:46:11] "POST /start_booking HTTP/1.1" 200 -
2026-01-18 15:46:41,819 - INFO -  * Detected change in '/home/cipher/Downloads/automation/app.py', reloading
2026-01-18 15:46:41,876 - INFO -  * Restarting with stat
2026-01-18 15:46:42,023 - WARNING -  * Debugger is active!
2026-01-18 15:46:42,024 - INFO -  * Debugger PIN: 312-619-333
2026-01-18 15:46:46,041 - INFO -  * Detected change in '/home/cipher/Downloads/automation/app.py', reloading
2026-01-18 15:46:46,101 - INFO -  * Restarting with stat
2026-01-18 15:46:46,252 - WARNING -  * Debugger is active!
2026-01-18 15:46:46,253 - INFO -  * Debugger PIN: 312-619-333
2026-01-18 15:47:11,302 - INFO -  * Detected change in '/home/cipher/Downloads/automation/app.py', reloading
2026-01-18 15:47:11,360 - INFO -  * Restarting with stat
2026-01-18 15:47:11,513 - WARNING -  * Debugger is active!
2026-01-18 15:47:11,514 - INFO -  * Debugger PIN: 312-619-333
2026-01-18 15:47:21,539 - INFO -  * Detected change in '/home/cipher/Downloads/automation/app.py', reloading
2026-01-18 15:47:21,599 - INFO -  * Restarting with stat
2026-01-18 15:47:21,743 - WARNING -  * Debugger is active!
2026-01-18 15:47:21,744 - INFO -  * Debugger PIN: 312-619-333
2026-01-18 15:47:41,281 - INFO - ====== WebDriver manager ======
2026-01-18 15:47:41,353 - INFO - Get LATEST chromedriver version for google-chrome
2026-01-18 15:47:43,817 - INFO - Get LATEST chromedriver version for google-chrome
2026-01-18 15:47:44,728 - INFO - Driver [/home/cipher/.wdm/drivers/chromedriver/linux64/143.0.7499.192/chromedriver-linux64/THIRD_PARTY_NOTICES.chromedriver] found in cache
2026-01-18 15:47:45,579 - INFO - ✅ Browser initialized successfully with anti-bot evasion
2026-01-18 15:47:45,579 - INFO - 🚀 Starting booking automation
2026-01-18 15:47:45,579 - INFO - 🔐 IMPORTANT: Please wait...
2026-01-18 15:47:45,579 - INFO - ⏸️ Initializing...
2026-01-18 15:47:56,182 - INFO - ✅ Internet connection verified
2026-01-18 15:47:56,182 - INFO - 🌐 Attempting to load website...
2026-01-18 15:47:56,182 - INFO - 🌐 Navigating to https://www.g4k.go.kr/cipl/0100/login.do
2026-01-18 15:48:09,629 - INFO - ✅ Page loaded: 404 Error Page
2026-01-18 15:48:09,629 - INFO - ⏳ Waiting for page to load completely...
2026-01-18 15:48:09,642 - ERROR - ❌ Website showing 404 error page!
2026-01-18 15:48:09,866 - INFO - 📸 Screenshot saved: error_404_page.png
2026-01-18 15:48:12,842 - INFO - 🔒 Browser closed
2026-01-18 15:48:12,842 - INFO - 127.0.0.1 - - [18/Jan/2026 15:48:12] "POST /start_booking HTTP/1.1" 200 -
2026-01-18 15:48:18,145 - INFO - ====== WebDriver manager ======
2026-01-18 15:48:18,219 - INFO - Get LATEST chromedriver version for google-chrome
2026-01-18 15:48:19,224 - INFO - Get LATEST chromedriver version for google-chrome
2026-01-18 15:48:20,201 - INFO - Driver [/home/cipher/.wdm/drivers/chromedriver/linux64/143.0.7499.192/chromedriver-linux64/THIRD_PARTY_NOTICES.chromedriver] found in cache
2026-01-18 15:48:21,022 - INFO - ✅ Browser initialized successfully with anti-bot evasion
2026-01-18 15:48:21,022 - INFO - 🚀 Starting booking automation
2026-01-18 15:48:21,022 - INFO - 🔐 IMPORTANT: Please wait...
2026-01-18 15:48:21,022 - INFO - ⏸️ Initializing...
2026-01-18 15:48:31,993 - INFO - ✅ Internet connection verified
2026-01-18 15:48:31,993 - INFO - 🌐 Attempting to load website...
2026-01-18 15:48:31,993 - INFO - 🌐 Navigating to https://www.g4k.go.kr/cipl/0100/login.do
2026-01-18 15:48:45,646 - INFO - ✅ Page loaded: 404 Error Page
2026-01-18 15:48:45,646 - INFO - ⏳ Waiting for page to load completely...
2026-01-18 15:48:45,653 - ERROR - ❌ Website showing 404 error page!
2026-01-18 15:48:45,849 - INFO - 📸 Screenshot saved: error_404_page.png
2026-01-18 15:48:48,381 - INFO - 🔒 Browser closed
2026-01-18 15:48:48,382 - INFO - 127.0.0.1 - - [18/Jan/2026 15:48:48] "POST /start_booking HTTP/1.1" 200 -
2026-01-18 15:49:10,178 - INFO -  * Detected change in '/home/cipher/Downloads/automation/app.py', reloading
2026-01-18 15:49:10,242 - INFO -  * Restarting with stat
2026-01-18 15:54:01,184 - INFO - [31m[1mWARNING: This is a development server. Do not use it in a production deployment. Use a production WSGI server instead.[0m
 * Running on all addresses (0.0.0.0)
 * Running on http://127.0.0.1:5001
 * Running on http://100.64.100.6:5001
2026-01-18 15:54:01,185 - INFO - [33mPress CTRL+C to quit[0m
2026-01-18 15:54:01,185 - INFO -  * Restarting with stat
2026-01-18 15:54:01,372 - WARNING -  * Debugger is active!
2026-01-18 15:54:01,374 - INFO -  * Debugger PIN: 312-619-333
2026-01-18 15:54:04,391 - INFO -  * Detected change in '/home/cipher/Downloads/automation/.venv/lib/python3.14/site-packages/undetected_chromedriver/dprocess.py', reloading
2026-01-18 15:54:04,467 - INFO -  * Restarting with stat
2026-01-18 15:54:04,653 - WARNING -  * Debugger is active!
2026-01-18 15:54:04,655 - INFO -  * Debugger PIN: 312-619-333
2026-01-18 15:54:08,081 - INFO - 127.0.0.1 - - [18/Jan/2026 15:54:08] "GET / HTTP/1.1" 200 -
2026-01-18 15:54:08,147 - INFO - 127.0.0.1 - - [18/Jan/2026 15:54:08] "[35m[1mGET /favicon.ico HTTP/1.1[0m" 204 -
2026-01-18 15:55:20,791 - INFO - patching driver executable /home/cipher/.local/share/undetected_chromedriver/undetected_chromedriver
2026-01-18 15:55:21,322 - INFO - ✅ Browser initialized successfully with undetected-chromedriver (anti-bot evasion)
2026-01-18 15:55:21,323 - INFO - 🚀 Starting booking automation
2026-01-18 15:55:21,323 - INFO - 🔐 IMPORTANT: Please wait...
2026-01-18 15:55:21,323 - INFO - ⏸️ Initializing...
2026-01-18 15:55:33,618 - INFO - ✅ Internet connection verified
2026-01-18 15:55:33,619 - INFO - 🌐 Attempting to load website...
2026-01-18 15:55:33,619 - INFO - 🌐 Navigating to https://www.g4k.go.kr/cipl/0100/login.do
2026-01-18 15:55:45,378 - INFO - ✅ Page loaded: 로그인 | 재외동포 365민원포털
2026-01-18 15:55:45,378 - INFO - ⏳ Waiting for page to load completely...
2026-01-18 15:55:45,663 - INFO - 📸 Screenshot saved: login_page.png
2026-01-18 15:55:45,663 - INFO - ✅ Page loaded: 로그인 | 재외동포 365민원포털
2026-01-18 15:55:45,663 - INFO - 🔐 Logging in...
2026-01-18 15:55:50,826 - INFO - ✅ Filled login ID: nepsrai1@gmail.com
2026-01-18 15:55:51,900 - INFO - ⚠️ Password field not found - trying alternative methods...
2026-01-18 15:55:53,576 - INFO - ✅ Filled password using alternative method
2026-01-18 15:55:54,497 - INFO - 📸 Screenshot saved: before_login.png
2026-01-18 15:55:54,497 - INFO - 🔘 Looking for login button...
2026-01-18 15:55:54,606 - ERROR - ❌ Booking failed: Message: element not interactable
  (Session info: chrome=143.0.7499.40)
Stacktrace:
#0 0x55e44528140a <unknown>
#1 0x55e444cb5598 <unknown>
#2 0x55e444d07fc5 <unknown>
#3 0x55e444cfb642 <unknown>
#4 0x55e444cfafe7 <unknown>
#5 0x55e444d52760 <unknown>
#6 0x55e444cf97b2 <unknown>
#7 0x55e444cfa461 <unknown>
#8 0x55e445249df9 <unknown>
#9 0x55e44524cd5d <unknown>
#10 0x55e445232b41 <unknown>
#11 0x55e44524d93b <unknown>
#12 0x55e445219870 <unknown>
#13 0x55e44526e828 <unknown>
#14 0x55e44526e9fc <unknown>
#15 0x55e445280763 <unknown>
#16 0x7f527629698b <unknown>
#17 0x7f527631aa0c <unknown>

2026-01-18 15:55:54,667 - INFO - 📸 Screenshot saved: error.png
2026-01-18 15:55:57,523 - INFO - 🔒 Browser closed
2026-01-18 15:55:57,524 - INFO - 127.0.0.1 - - [18/Jan/2026 15:55:57] "POST /start_booking HTTP/1.1" 200 -
2026-01-18 15:56:39,316 - INFO -  * Detected change in '/home/cipher/Downloads/automation/app.py', reloading
2026-01-18 15:56:39,387 - INFO -  * Restarting with stat
2026-01-18 15:56:40,060 - WARNING -  * Debugger is active!
2026-01-18 15:56:40,062 - INFO -  * Debugger PIN: 312-619-333
2026-01-18 15:56:44,076 - INFO -  * Detected change in '/home/cipher/Downloads/automation/app.py', reloading
2026-01-18 15:56:44,159 - INFO -  * Restarting with stat
2026-01-18 15:56:44,362 - WARNING -  * Debugger is active!
2026-01-18 15:56:44,363 - INFO -  * Debugger PIN: 312-619-333
2026-01-18 15:57:03,405 - INFO -  * Detected change in '/home/cipher/Downloads/automation/app.py', reloading
2026-01-18 15:57:03,481 - INFO -  * Restarting with stat
2026-01-18 15:57:03,668 - WARNING -  * Debugger is active!
2026-01-18 15:57:03,669 - INFO -  * Debugger PIN: 312-619-333
2026-01-18 15:57:06,680 - INFO -  * Detected change in '/home/cipher/Downloads/automation/app.py', reloading
2026-01-18 15:57:06,751 - INFO -  * Restarting with stat
2026-01-18 15:57:06,931 - WARNING -  * Debugger is active!
2026-01-18 15:57:06,933 - INFO -  * Debugger PIN: 312-619-333
2026-01-18 15:57:15,963 - INFO -  * Detected change in '/home/cipher/Downloads/automation/app.py', reloading
2026-01-18 15:57:16,021 - INFO -  * Restarting with stat
2026-01-18 15:57:16,203 - WARNING -  * Debugger is active!
2026-01-18 15:57:16,204 - INFO -  * Debugger PIN: 312-619-333
2026-01-18 15:57:35,274 - INFO - patching driver executable /home/cipher/.local/share/undetected_chromedriver/undetected_chromedriver
2026-01-18 15:57:35,809 - INFO - ✅ Browser initialized successfully with undetected-chromedriver (anti-bot evasion)
2026-01-18 15:57:35,809 - INFO - 🚀 Starting booking automation
2026-01-18 15:57:35,809 - INFO - 🔐 IMPORTANT: Please wait...
2026-01-18 15:57:35,809 - INFO - ⏸️ Initializing...
2026-01-18 15:57:47,561 - INFO - ✅ Internet connection verified
2026-01-18 15:57:47,561 - INFO - 🌐 Attempting to load website...
2026-01-18 15:57:47,562 - INFO - 🌐 Navigating to https://www.g4k.go.kr/cipl/0100/login.do
2026-01-18 15:57:57,822 - INFO - ✅ Page loaded: 로그인 | 재외동포 365민원포털
2026-01-18 15:57:57,823 - INFO - ⏳ Waiting for page to load completely...
2026-01-18 15:57:57,978 - INFO - 📸 Screenshot saved: login_page.png
2026-01-18 15:57:57,978 - INFO - ✅ Page loaded: 로그인 | 재외동포 365민원포털
2026-01-18 15:57:57,978 - INFO - 🔐 Logging in...
2026-01-18 15:58:34,350 - INFO - ✅ Filled login ID: nepsrai1@gmail.com
2026-01-18 15:59:42,877 - INFO -  * Detected change in '/home/cipher/Downloads/automation/app.py', reloading
2026-01-18 15:59:42,957 - INFO -  * Restarting with stat
2026-01-18 15:59:43,225 - WARNING -  * Debugger is active!
2026-01-18 15:59:43,226 - INFO -  * Debugger PIN: 312-619-333
2026-01-18 15:59:45,240 - INFO -  * Detected change in '/home/cipher/Downloads/automation/app.py', reloading
2026-01-18 15:59:45,322 - INFO -  * Restarting with stat
2026-01-18 15:59:45,515 - WARNING -  * Debugger is active!
2026-01-18 15:59:45,516 - INFO -  * Debugger PIN: 312-619-333
2026-01-18 16:00:00,549 - INFO -  * Detected change in '/home/cipher/Downloads/automation/app.py', reloading
2026-01-18 16:00:00,641 - INFO -  * Restarting with stat
2026-01-18 16:00:00,844 - WARNING -  * Debugger is active!
2026-01-18 16:00:00,846 - INFO -  * Debugger PIN: 312-619-333
2026-01-18 16:00:55,017 - INFO - patching driver executable /home/cipher/.local/share/undetected_chromedriver/undetected_chromedriver
2026-01-18 16:00:55,548 - INFO - ✅ Browser initialized successfully with undetected-chromedriver (anti-bot evasion)
2026-01-18 16:00:55,549 - INFO - 🚀 Starting booking automation
2026-01-18 16:00:55,549 - INFO - 🔐 IMPORTANT: Please wait...
2026-01-18 16:00:55,549 - INFO - ⏸️ Initializing...
2026-01-18 16:01:04,480 - INFO - ✅ Internet connection verified
2026-01-18 16:01:04,481 - INFO - 🌐 Attempting to load website...
2026-01-18 16:01:04,481 - INFO - 🌐 Navigating to https://www.g4k.go.kr/cipl/0100/login.do
2026-01-18 16:01:13,205 - INFO - ✅ Page loaded: 로그인 | 재외동포 365민원포털
2026-01-18 16:01:13,206 - INFO - ⏳ Waiting for page to load completely...
2026-01-18 16:01:13,497 - INFO - 📸 Screenshot saved: login_page.png
2026-01-18 16:01:13,497 - INFO - ✅ Page loaded: 로그인 | 재외동포 365민원포털
2026-01-18 16:01:13,497 - INFO - 🔐 Logging in...
2026-01-18 16:01:49,327 - INFO - ✅ Filled login ID: nepsrai1@gmail.com
2026-01-18 16:02:16,384 - INFO -  * Detected change in '/home/cipher/Downloads/automation/app.py', reloading
2026-01-18 16:02:16,450 - INFO -  * Restarting with stat
2026-01-18 16:10:38,665 - INFO - [31m[1mWARNING: This is a development server. Do not use it in a production deployment. Use a production WSGI server instead.[0m
 * Running on all addresses (0.0.0.0)
 * Running on http://127.0.0.1:5001
 * Running on http://100.64.100.6:5001
2026-01-18 16:10:38,665 - INFO - [33mPress CTRL+C to quit[0m
2026-01-18 16:10:38,666 - INFO -  * Restarting with stat
2026-01-18 16:10:38,838 - WARNING -  * Debugger is active!
2026-01-18 16:10:38,840 - INFO -  * Debugger PIN: 312-619-333
2026-01-18 16:10:40,043 - INFO - 127.0.0.1 - - [18/Jan/2026 16:10:40] "GET / HTTP/1.1" 200 -
2026-01-18 16:10:40,094 - INFO - 127.0.0.1 - - [18/Jan/2026 16:10:40] "[35m[1mGET /favicon.ico HTTP/1.1[0m" 204 -
2026-01-18 16:11:40,821 - INFO - patching driver executable /home/cipher/.local/share/undetected_chromedriver/undetected_chromedriver
2026-01-18 16:11:41,351 - INFO - ✅ Browser initialized successfully with undetected-chromedriver (anti-bot evasion)
2026-01-18 16:11:41,351 - INFO - 🚀 Starting booking automation
2026-01-18 16:11:41,351 - INFO - 🔐 IMPORTANT: Please wait...
2026-01-18 16:11:41,351 - INFO - ⏸️ Initializing...
2026-01-18 16:11:51,089 - INFO - ✅ Internet connection verified
2026-01-18 16:11:51,089 - INFO - 🌐 Attempting to load website...
2026-01-18 16:11:51,089 - INFO - 🌐 Navigating to https://www.g4k.go.kr/cipl/0100/login.do
2026-01-18 16:12:02,023 - INFO - ✅ Page loaded: 로그인 | 재외동포 365민원포털
2026-01-18 16:12:02,023 - INFO - ⏳ Waiting for page to load completely...
2026-01-18 16:12:02,210 - INFO - 📸 Screenshot saved: login_page.png
2026-01-18 16:12:02,210 - INFO - ✅ Page loaded: 로그인 | 재외동포 365민원포털
2026-01-18 16:12:02,210 - INFO - 🔐 Logging in...
2026-01-18 16:12:38,399 - INFO - ✅ Filled login ID: nepsrai1@gmail.com
2026-01-18 16:14:33,564 - INFO - ⚠️ Password field not found - trying alternative methods...
2026-01-18 16:14:35,869 - INFO - ✅ Filled password using alternative method
2026-01-18 16:14:36,794 - INFO - 📸 Screenshot saved: before_login.png
2026-01-18 16:14:36,906 - INFO - ℹ️ No CAPTCHA field detected - proceeding with login
2026-01-18 16:14:36,906 - INFO - 🔘 Looking for login button...
2026-01-18 16:18:06,099 - INFO - ⚠️ Trying to find submit button...
2026-01-18 16:18:11,684 - INFO - ✅ Clicked login button
2026-01-18 16:18:15,760 - ERROR - ❌ Screenshot failed: Alert Text: 성명을 입력하시기 바랍니다.
Message: unexpected alert open: {Alert text : 성명을 입력하시기 바랍니다.}
  (Session info: chrome=143.0.7499.40)
Stacktrace:
#0 0x55f828e8840a <unknown>
#1 0x55f8288bc76b <unknown>
#2 0x55f82895a058 <unknown>
#3 0x55f8289007b2 <unknown>
#4 0x55f828901461 <unknown>
#5 0x55f828e50df9 <unknown>
#6 0x55f828e53d5d <unknown>
#7 0x55f828e39b41 <unknown>
#8 0x55f828e5493b <unknown>
#9 0x55f828e20870 <unknown>
#10 0x55f828e75828 <unknown>
#11 0x55f828e759fc <unknown>
#12 0x55f828e87763 <unknown>
#13 0x7f2799e9698b <unknown>
#14 0x7f2799f1aa0c <unknown>

2026-01-18 16:19:12,656 - INFO -  * Detected change in '/home/cipher/Downloads/automation/app.py', reloading
2026-01-18 16:19:12,730 - INFO -  * Restarting with stat
2026-01-18 16:24:27,652 - INFO - [31m[1mWARNING: This is a development server. Do not use it in a production deployment. Use a production WSGI server instead.[0m
 * Running on all addresses (0.0.0.0)
 * Running on http://127.0.0.1:5001
 * Running on http://100.64.100.6:5001
2026-01-18 16:24:27,652 - INFO - [33mPress CTRL+C to quit[0m
2026-01-18 16:24:27,652 - INFO -  * Restarting with stat
2026-01-18 16:24:27,821 - WARNING -  * Debugger is active!
2026-01-18 16:24:27,822 - INFO -  * Debugger PIN: 312-619-333
2026-01-18 16:31:37,497 - INFO - [31m[1mWARNING: This is a development server. Do not use it in a production deployment. Use a production WSGI server instead.[0m
 * Running on all addresses (0.0.0.0)
 * Running on http://127.0.0.1:5001
 * Running on http://192.168.34.91:5001
2026-01-18 16:31:37,497 - INFO - [33mPress CTRL+C to quit[0m
2026-01-18 16:31:37,499 - INFO -  * Restarting with stat
2026-01-18 16:31:37,747 - WARNING -  * Debugger is active!
2026-01-18 16:31:37,785 - INFO -  * Debugger PIN: 110-291-873
2026-01-18 16:31:39,728 - INFO - 127.0.0.1 - - [18/Jan/2026 16:31:39] "GET / HTTP/1.1" 200 -
2026-01-18 16:31:40,038 - INFO - 127.0.0.1 - - [18/Jan/2026 16:31:40] "[35m[1mGET /favicon.ico HTTP/1.1[0m" 204 -
2026-01-18 16:32:08,432 - INFO - patching driver executable /Users/khushi22/Library/Application Support/undetected_chromedriver/undetected_chromedriver
2026-01-18 16:32:12,447 - INFO - ✅ Browser initialized successfully with undetected-chromedriver (anti-bot evasion)
2026-01-18 16:32:12,447 - INFO - 🚀 Starting booking automation
2026-01-18 16:32:12,447 - INFO - 🔐 IMPORTANT: Please wait...
2026-01-18 16:32:12,447 - INFO - ⏸️ Initializing...
2026-01-18 16:32:22,401 - INFO - ✅ Internet connection verified
2026-01-18 16:32:22,402 - INFO - 🌐 Attempting to load website...
2026-01-18 16:32:22,403 - INFO - 🌐 Navigating to https://www.g4k.go.kr/cipl/0100/login.do
2026-01-18 16:32:35,788 - INFO - ✅ Page loaded: 로그인 | 재외동포 365민원포털
2026-01-18 16:32:35,788 - INFO - ⏳ Waiting for page to load completely...
2026-01-18 16:32:35,942 - INFO - 📸 Screenshot saved: login_page.png
2026-01-18 16:32:35,942 - INFO - ✅ Page loaded: 로그인 | 재외동포 365민원포털
2026-01-18 16:32:35,945 - INFO - 📍 Current URL: https://www.g4k.go.kr/cipl/0100/login.do
2026-01-18 16:32:35,945 - INFO - 🔐 Step: Starting login process...
2026-01-18 16:32:35,945 - INFO - 🔍 Looking for login ID field...
2026-01-18 16:33:07,123 - INFO - ✅ Login ID field found, filling with: nepsrai1@gmail.com
2026-01-18 16:33:11,933 - INFO - ✅ Login ID filled successfully
2026-01-18 16:34:41,439 - INFO - 127.0.0.1 - - [18/Jan/2026 16:34:41] "GET /?id=cbd68faa-5bc1-4129-9498-1503317308ed&vscodeBrowserReqId=1768734281434 HTTP/1.1" 200 -
2026-01-18 16:35:12,538 - INFO - [31m[1mWARNING: This is a development server. Do not use it in a production deployment. Use a production WSGI server instead.[0m
 * Running on all addresses (0.0.0.0)
 * Running on http://127.0.0.1:5001
 * Running on http://192.168.34.91:5001
2026-01-18 16:35:12,539 - INFO - [33mPress CTRL+C to quit[0m
2026-01-18 16:35:12,542 - INFO -  * Restarting with stat
2026-01-18 16:35:12,795 - WARNING -  * Debugger is active!
2026-01-18 16:35:12,801 - INFO -  * Debugger PIN: 110-291-873
2026-01-18 16:35:13,404 - INFO - 127.0.0.1 - - [18/Jan/2026 16:35:13] "GET / HTTP/1.1" 200 -
2026-01-18 16:35:13,523 - INFO - 127.0.0.1 - - [18/Jan/2026 16:35:13] "[35m[1mGET /favicon.ico HTTP/1.1[0m" 204 -
2026-01-18 16:35:49,102 - INFO - patching driver executable /Users/khushi22/Library/Application Support/undetected_chromedriver/undetected_chromedriver
2026-01-18 16:35:53,269 - INFO - ✅ Browser initialized successfully with undetected-chromedriver (anti-bot evasion)
2026-01-18 16:35:53,269 - INFO - 🚀 Starting booking automation
2026-01-18 16:35:53,269 - INFO - 🔐 IMPORTANT: Please wait...
2026-01-18 16:35:53,269 - INFO - ⏸️ Initializing...
2026-01-18 16:36:04,873 - INFO - ✅ Internet connection verified
2026-01-18 16:36:04,874 - INFO - 🌐 Attempting to load website...
2026-01-18 16:36:04,874 - INFO - 🌐 Navigating to https://www.g4k.go.kr/cipl/0100/login.do
2026-01-18 16:36:18,860 - INFO - ✅ Page loaded: Login | Overseas Koreans 365 Civil Complaint Portal
2026-01-18 16:36:18,860 - INFO - ⏳ Waiting for page to load completely...
2026-01-18 16:36:19,050 - INFO - 📸 Screenshot saved: login_page.png
2026-01-18 16:36:19,050 - INFO - ✅ Page loaded: Login | Overseas Koreans 365 Civil Complaint Portal
2026-01-18 16:36:19,052 - INFO - 📍 Current URL: https://www.g4k.go.kr/cipl/0100/login.do
2026-01-18 16:36:19,052 - INFO - 🔐 Step: Starting login process...
2026-01-18 16:36:19,052 - INFO - 🔍 Looking for login ID field...
2026-01-18 16:36:45,583 - INFO - ✅ Login ID field found, filling with: nepsrai1@gmail.com
2026-01-18 16:36:50,894 - INFO - ✅ Login ID filled successfully
2026-01-18 16:38:32,708 - INFO - ⚠️ Password field not found - trying alternative methods...
2026-01-18 16:38:32,723 - ERROR - ❌ Could not find password field
2026-01-18 16:38:32,723 - INFO - 📸 Taking screenshot before login attempt...
2026-01-18 16:38:32,865 - INFO - 📸 Screenshot saved: before_login.png
2026-01-18 16:38:32,865 - INFO - 🔍 Checking for CAPTCHA field...
2026-01-18 16:38:32,908 - INFO - 🔍 Trying to find CAPTCHA by image proximity...
2026-01-18 16:38:32,913 - INFO - ℹ️ No CAPTCHA field detected - proceeding with login
2026-01-18 16:38:32,913 - INFO - 🔘 Step: Looking for login button...
2026-01-18 16:40:16,451 - INFO - 🔍 Login button not found, trying smart_find_field...
2026-01-18 16:40:29,714 - INFO -  * Detected change in '/Users/khushi22/Downloads/automation 3/app.py', reloading
2026-01-18 16:40:29,751 - INFO -  * Restarting with stat
2026-01-18 16:40:30,043 - WARNING -  * Debugger is active!
2026-01-18 16:40:30,053 - INFO -  * Debugger PIN: 110-291-873
2026-01-18 16:40:50,573 - INFO -  * Detected change in '/Users/khushi22/Downloads/automation 3/app.py', reloading
2026-01-18 16:40:50,609 - INFO -  * Restarting with stat
2026-01-18 16:40:50,834 - WARNING -  * Debugger is active!
2026-01-18 16:40:50,840 - INFO -  * Debugger PIN: 110-291-873
2026-01-18 16:42:08,570 - INFO - 127.0.0.1 - - [18/Jan/2026 16:42:08] "GET / HTTP/1.1" 200 -
2026-01-18 16:42:08,798 - INFO - 127.0.0.1 - - [18/Jan/2026 16:42:08] "[35m[1mGET /favicon.ico HTTP/1.1[0m" 204 -
2026-01-18 16:42:40,828 - INFO - patching driver executable /Users/khushi22/Library/Application Support/undetected_chromedriver/undetected_chromedriver
2026-01-18 16:42:44,975 - INFO - ✅ Browser initialized successfully with undetected-chromedriver (anti-bot evasion)
2026-01-18 16:42:44,975 - INFO - 🚀 Starting booking automation
2026-01-18 16:42:44,975 - INFO - 🔐 IMPORTANT: Please wait...
2026-01-18 16:42:44,975 - INFO - ⏸️ Initializing...
2026-01-18 16:42:55,085 - INFO - ✅ Internet connection verified
2026-01-18 16:42:55,086 - INFO - 🌐 Attempting to load website...
2026-01-18 16:42:55,086 - INFO - 🌐 Navigating to https://www.g4k.go.kr/cipl/0100/login.do
2026-01-18 16:43:06,564 - INFO - ✅ Page loaded: Login | Overseas Koreans 365 Civil Complaint Portal
2026-01-18 16:43:06,565 - INFO - ⏳ Waiting for page to load completely...
2026-01-18 16:43:06,736 - INFO - 📸 Screenshot saved: login_page.png
2026-01-18 16:43:06,736 - INFO - ✅ Page loaded: Login | Overseas Koreans 365 Civil Complaint Portal
2026-01-18 16:43:06,738 - INFO - 📍 Current URL: https://www.g4k.go.kr/cipl/0100/login.do
2026-01-18 16:43:06,738 - INFO - 🔐 Step: Starting login process...
2026-01-18 16:43:06,738 - INFO - 🔍 Looking for login ID field...
2026-01-18 16:43:06,749 - INFO - 🔍 Debug: Found 88 total input fields on page
2026-01-18 16:43:07,096 - INFO - 🔍 Debug: 3 input fields are visible
2026-01-18 16:45:46,375 - INFO -  * Detected change in '/Users/khushi22/Downloads/automation 3/g4k_automation.py', reloading
2026-01-18 16:45:46,414 - INFO -  * Restarting with stat
2026-01-18 16:45:46,692 - WARNING -  * Debugger is active!
2026-01-18 16:45:46,698 - INFO -  * Debugger PIN: 110-291-873
2026-01-18 17:00:54,799 - INFO - [31m[1mWARNING: This is a development server. Do not use it in a production deployment. Use a production WSGI server instead.[0m
 * Running on all addresses (0.0.0.0)
 * Running on http://127.0.0.1:5001
 * Running on http://192.168.34.91:5001
2026-01-18 17:00:54,800 - INFO - [33mPress CTRL+C to quit[0m
2026-01-18 17:00:54,801 - INFO -  * Restarting with stat
2026-01-18 17:00:55,123 - WARNING -  * Debugger is active!
2026-01-18 17:00:55,130 - INFO -  * Debugger PIN: 110-291-873
2026-01-18 17:00:55,448 - INFO - 127.0.0.1 - - [18/Jan/2026 17:00:55] "GET / HTTP/1.1" 200 -
2026-01-18 17:00:55,616 - INFO - 127.0.0.1 - - [18/Jan/2026 17:00:55] "[35m[1mGET /favicon.ico HTTP/1.1[0m" 204 -
2026-01-18 17:01:51,416 - INFO - patching driver executable /Users/khushi22/Library/Application Support/undetected_chromedriver/undetected_chromedriver
2026-01-18 17:01:55,045 - INFO - ✅ Browser initialized successfully with undetected-chromedriver (anti-bot evasion)
2026-01-18 17:01:55,045 - INFO - 🚀 Starting booking automation
2026-01-18 17:01:55,046 - INFO - 🔐 IMPORTANT: Please wait...
2026-01-18 17:01:55,046 - INFO - ⏸️ Initializing...
2026-01-18 17:02:05,677 - INFO - ✅ Internet connection verified
2026-01-18 17:02:05,677 - INFO - 🌐 Attempting to load website...
2026-01-18 17:02:05,677 - INFO - 🌐 Navigating to https://www.g4k.go.kr/cipl/0100/login.do
2026-01-18 17:02:15,048 - INFO - ✅ Page loaded: 로그인 | 재외동포 365민원포털
2026-01-18 17:02:15,048 - INFO - ⏳ Waiting for page to load completely...
2026-01-18 17:02:15,330 - INFO - 📸 Screenshot saved: login_page.png
2026-01-18 17:02:15,330 - INFO - ✅ Page loaded: 로그인 | 재외동포 365민원포털
2026-01-18 17:02:15,333 - INFO - 📍 Current URL: https://www.g4k.go.kr/cipl/0100/login.do
2026-01-18 17:02:15,333 - INFO - 🔐 Step: Starting login process...
2026-01-18 17:02:15,334 - INFO - 🔍 Looking for login ID field...
2026-01-18 17:02:15,348 - INFO - 🔍 Debug: Found 93 total input fields on page
2026-01-18 17:02:15,752 - INFO - 🔍 Debug: 3 input fields are visible
2026-01-18 17:02:46,936 - INFO - ✅ Login ID field found, filling with: nepsrai1@gmail.com
2026-01-18 17:02:51,695 - INFO - ✅ Login ID filled successfully
2026-01-18 17:04:49,174 - INFO - ⚠️ Password field not found - trying alternative methods...
2026-01-18 17:04:49,273 - ERROR - ❌ Could not find password field with any method
2026-01-18 17:04:49,482 - INFO - 📸 Screenshot saved: password_field_not_found.png
2026-01-18 17:04:49,483 - INFO - 📸 Screenshot saved for debugging
2026-01-18 17:04:49,490 - INFO - 🔍 Found 7 total input fields on page
2026-01-18 17:04:49,523 - INFO -   Input 1: type='text', name='N/A', id='hCffdnNm', placeholder='찾으시는 민원을 검색해보세요.'
2026-01-18 17:04:49,554 - INFO -   Input 2: type='checkbox', name='N/A', id='nextAgree', placeholder='N/A'
2026-01-18 17:04:49,582 - INFO -   Input 3: type='text', name='sl', id='goog-gt-votingInputSrcLang', placeholder='N/A'
2026-01-18 17:04:49,603 - INFO -   Input 4: type='text', name='tl', id='goog-gt-votingInputTrgLang', placeholder='N/A'
2026-01-18 17:04:49,626 - INFO -   Input 5: type='text', name='query', id='goog-gt-votingInputSrcText', placeholder='N/A'
2026-01-18 17:04:49,642 - INFO -   Input 6: type='text', name='gtrans', id='goog-gt-votingInputTrgText', placeholder='N/A'
2026-01-18 17:04:49,658 - INFO -   Input 7: type='text', name='vote', id='goog-gt-votingInputVote', placeholder='N/A'
2026-01-18 17:04:49,658 - INFO - 📸 Taking screenshot before login attempt...
2026-01-18 17:04:49,806 - INFO - 📸 Screenshot saved: before_login.png
2026-01-18 17:04:49,806 - INFO - 🔍 Checking for CAPTCHA field...
2026-01-18 17:04:49,847 - INFO - 🔍 Trying to find CAPTCHA by image proximity...
2026-01-18 17:04:49,853 - INFO - ℹ️ No CAPTCHA field detected - proceeding with login
2026-01-18 17:04:49,853 - INFO - 🔘 Step: Looking for login button...
2026-01-18 17:06:37,838 - INFO - 🔍 Login button not found, trying smart_find_field...
2026-01-18 17:07:54,731 - INFO -  * Detected change in '/Users/khushi22/Downloads/automation 3/app.py', reloading
2026-01-18 17:07:54,780 - INFO -  * Restarting with stat
2026-01-18 17:07:55,073 - WARNING -  * Debugger is active!
2026-01-18 17:07:55,079 - INFO -  * Debugger PIN: 110-291-873
2026-01-18 17:08:29,974 - INFO -  * Detected change in '/Users/khushi22/Downloads/automation 3/app.py', reloading
2026-01-18 17:08:29,996 - INFO -  * Restarting with stat
2026-01-18 17:08:30,224 - WARNING -  * Debugger is active!
2026-01-18 17:08:30,230 - INFO -  * Debugger PIN: 110-291-873
2026-01-18 17:33:57,321 - INFO -  * Detected change in '/Users/khushi22/Downloads/automation 3/app.py', reloading
2026-01-18 17:33:57,383 - INFO -  * Restarting with stat
2026-01-18 17:33:57,703 - WARNING -  * Debugger is active!
2026-01-18 17:33:57,711 - INFO -  * Debugger PIN: 110-291-873
2026-01-18 17:34:25,422 - INFO -  * Detected change in '/Users/khushi22/Downloads/automation 3/app.py', reloading
2026-01-18 17:34:25,463 - INFO -  * Restarting with stat
2026-01-18 17:34:25,687 - WARNING -  * Debugger is active!
2026-01-18 17:34:25,694 - INFO -  * Debugger PIN: 110-291-873
2026-01-18 17:35:48,427 - INFO - 127.0.0.1 - - [18/Jan/2026 17:35:48] "GET /?id=cbd68faa-5bc1-4129-9498-1503317308ed&vscodeBrowserReqId=1768737948419 HTTP/1.1" 200 -
2026-01-18 23:07:12,979 - INFO -  * Detected change in '/Users/khushi22/Downloads/automation 3/app.py', reloading
2026-01-18 23:07:13,049 - INFO -  * Restarting with stat
2026-01-18 23:07:13,389 - WARNING -  * Debugger is active!
2026-01-18 23:07:13,399 - INFO -  * Debugger PIN: 110-291-873
2026-01-18 23:07:42,958 - INFO - 127.0.0.1 - - [18/Jan/2026 23:07:42] "GET / HTTP/1.1" 200 -
2026-01-18 23:07:44,186 - INFO - 127.0.0.1 - - [18/Jan/2026 23:07:44] "[35m[1mGET /favicon.ico HTTP/1.1[0m" 204 -
2026-01-18 23:09:13,856 - INFO - patching driver executable /Users/khushi22/Library/Application Support/undetected_chromedriver/undetected_chromedriver
2026-01-18 23:09:18,152 - ERROR - ❌ Failed to initialize browser: Message: no such window: target window already closed
from unknown error: web view not found
  (Session info: chrome=143.0.7499.193)
Stacktrace:
0   undetected_chromedriver             0x0000000102966068 undetected_chromedriver + 6631528
1   undetected_chromedriver             0x000000010295cd1a undetected_chromedriver + 6593818
2   undetected_chromedriver             0x000000010237dccb undetected_chromedriver + 437451
3   undetected_chromedriver             0x00000001023525f0 undetected_chromedriver + 259568
4   undetected_chromedriver             0x00000001023fd918 undetected_chromedriver + 960792
5   undetected_chromedriver             0x000000010241cd48 undetected_chromedriver + 1088840
6   undetected_chromedriver             0x00000001023c1fb7 undetected_chromedriver + 716727
7   undetected_chromedriver             0x00000001023c2c81 undetected_chromedriver + 720001
8   undetected_chromedriver             0x0000000102923011 undetected_chromedriver + 6357009
9   undetected_chromedriver             0x0000000102927460 undetected_chromedriver + 6374496
10  undetected_chromedriver             0x00000001028fe023 undetected_chromedriver + 6205475
11  undetected_chromedriver             0x0000000102927ed5 undetected_chromedriver + 6377173
12  undetected_chromedriver             0x00000001028ecf01 undetected_chromedriver + 6135553
13  undetected_chromedriver             0x0000000102949a98 undetected_chromedriver + 6515352
14  undetected_chromedriver             0x0000000102949c53 undetected_chromedriver + 6515795
15  undetected_chromedriver             0x000000010295c91c undetected_chromedriver + 6592796
16  libsystem_pthread.dylib             0x00007ff81097ee59 _pthread_start + 115
17  libsystem_pthread.dylib             0x00007ff81097a857 thread_start + 15

2026-01-18 23:09:18,333 - INFO - 🔒 Browser closed
2026-01-18 23:09:18,333 - INFO - 127.0.0.1 - - [18/Jan/2026 23:09:18] "POST /start_manual_login HTTP/1.1" 200 -
2026-01-18 23:10:29,220 - INFO -  * Detected change in '/Users/khushi22/Downloads/automation 3/app.py', reloading
2026-01-18 23:10:29,263 - INFO -  * Restarting with stat
2026-01-18 23:10:29,560 - WARNING -  * Debugger is active!
2026-01-18 23:10:29,567 - INFO -  * Debugger PIN: 110-291-873
2026-01-18 23:12:10,681 - INFO - [31m[1mWARNING: This is a development server. Do not use it in a production deployment. Use a production WSGI server instead.[0m
 * Running on all addresses (0.0.0.0)
 * Running on http://127.0.0.1:5001
 * Running on http://192.168.34.91:5001
2026-01-18 23:12:10,682 - INFO - [33mPress CTRL+C to quit[0m
2026-01-18 23:12:10,684 - INFO -  * Restarting with stat
2026-01-18 23:12:10,964 - WARNING -  * Debugger is active!
2026-01-18 23:12:10,969 - INFO -  * Debugger PIN: 110-291-873
2026-01-18 23:12:12,254 - INFO - 127.0.0.1 - - [18/Jan/2026 23:12:12] "GET / HTTP/1.1" 200 -
2026-01-18 23:12:12,423 - INFO - 127.0.0.1 - - [18/Jan/2026 23:12:12] "[35m[1mGET /favicon.ico HTTP/1.1[0m" 204 -
2026-01-18 23:12:47,017 - INFO - 🔧 Initializing browser (this may take a moment)...
2026-01-18 23:12:58,126 - INFO - patching driver executable /Users/khushi22/Library/Application Support/undetected_chromedriver/undetected_chromedriver
2026-01-18 23:13:02,480 - ERROR - ❌ Failed to initialize browser: Message: invalid argument: cannot parse capability: goog:chromeOptions
from invalid argument: unrecognized chrome option: detach
Stacktrace:
0   undetected_chromedriver             0x0000000104813068 undetected_chromedriver + 6631528
1   undetected_chromedriver             0x0000000104809d1a undetected_chromedriver + 6593818
2   undetected_chromedriver             0x000000010422accb undetected_chromedriver + 437451
3   undetected_chromedriver             0x0000000104257ec1 undetected_chromedriver + 622273
4   undetected_chromedriver             0x00000001042544c1 undetected_chromedriver + 607425
5   undetected_chromedriver             0x00000001042af08d undetected_chromedriver + 979085
6   undetected_chromedriver             0x00000001042aea0f undetected_chromedriver + 977423
7   undetected_chromedriver             0x00000001042b0568 undetected_chromedriver + 984424
8   undetected_chromedriver             0x00000001042b031c undetected_chromedriver + 983836
9   undetected_chromedriver             0x000000010426efb7 undetected_chromedriver + 716727
10  undetected_chromedriver             0x000000010426fc81 undetected_chromedriver + 720001
11  undetected_chromedriver             0x00000001047d0011 undetected_chromedriver + 6357009
12  undetected_chromedriver             0x00000001047d4460 undetected_chromedriver + 6374496
13  undetected_chromedriver             0x00000001047ab023 undetected_chromedriver + 6205475
14  undetected_chromedriver             0x00000001047d4ed5 undetected_chromedriver + 6377173
15  undetected_chromedriver             0x0000000104799f01 undetected_chromedriver + 6135553
16  undetected_chromedriver             0x00000001047f6a98 undetected_chromedriver + 6515352
17  undetected_chromedriver             0x00000001047f6c53 undetected_chromedriver + 6515795
18  undetected_chromedriver             0x000000010480991c undetected_chromedriver + 6592796
19  libsystem_pthread.dylib             0x00007ff81097ee59 _pthread_start + 115
20  libsystem_pthread.dylib             0x00007ff81097a857 thread_start + 15

2026-01-18 23:13:02,482 - INFO - 127.0.0.1 - - [18/Jan/2026 23:13:02] "POST /start_manual_login HTTP/1.1" 200 -
2026-01-18 23:13:41,096 - INFO -  * Detected change in '/Users/khushi22/Downloads/automation 3/app.py', reloading
2026-01-18 23:13:41,145 - INFO -  * Restarting with stat
2026-01-18 23:13:41,448 - WARNING -  * Debugger is active!
2026-01-18 23:13:41,454 - INFO -  * Debugger PIN: 110-291-873
2026-01-18 23:14:17,188 - INFO - [31m[1mWARNING: This is a development server. Do not use it in a production deployment. Use a production WSGI server instead.[0m
 * Running on all addresses (0.0.0.0)
 * Running on http://127.0.0.1:5001
 * Running on http://192.168.34.91:5001
2026-01-18 23:14:17,188 - INFO - [33mPress CTRL+C to quit[0m
2026-01-18 23:14:17,191 - INFO -  * Restarting with stat
2026-01-18 23:14:17,443 - WARNING -  * Debugger is active!
2026-01-18 23:14:17,451 - INFO -  * Debugger PIN: 110-291-873
2026-01-18 23:14:18,433 - INFO - 127.0.0.1 - - [18/Jan/2026 23:14:18] "GET / HTTP/1.1" 200 -
2026-01-18 23:14:18,588 - INFO - 127.0.0.1 - - [18/Jan/2026 23:14:18] "[35m[1mGET /favicon.ico HTTP/1.1[0m" 204 -
2026-01-18 23:14:41,972 - INFO - 🔧 Initializing browser (this may take a moment)...
2026-01-18 23:14:45,924 - INFO - patching driver executable /Users/khushi22/Library/Application Support/undetected_chromedriver/undetected_chromedriver
2026-01-18 23:14:50,278 - ERROR - ❌ Failed to initialize browser: Message: invalid argument: cannot parse capability: goog:chromeOptions
from invalid argument: unrecognized chrome option: excludeSwitches
Stacktrace:
0   undetected_chromedriver             0x0000000100d14068 undetected_chromedriver + 6631528
1   undetected_chromedriver             0x0000000100d0ad1a undetected_chromedriver + 6593818
2   undetected_chromedriver             0x000000010072bccb undetected_chromedriver + 437451
3   undetected_chromedriver             0x0000000100758ec1 undetected_chromedriver + 622273
4   undetected_chromedriver             0x00000001007554c1 undetected_chromedriver + 607425
5   undetected_chromedriver             0x00000001007b008d undetected_chromedriver + 979085
6   undetected_chromedriver             0x00000001007afa0f undetected_chromedriver + 977423
7   undetected_chromedriver             0x00000001007b1568 undetected_chromedriver + 984424
8   undetected_chromedriver             0x00000001007b131c undetected_chromedriver + 983836
9   undetected_chromedriver             0x000000010076ffb7 undetected_chromedriver + 716727
10  undetected_chromedriver             0x0000000100770c81 undetected_chromedriver + 720001
11  undetected_chromedriver             0x0000000100cd1011 undetected_chromedriver + 6357009
12  undetected_chromedriver             0x0000000100cd5460 undetected_chromedriver + 6374496
13  undetected_chromedriver             0x0000000100cac023 undetected_chromedriver + 6205475
14  undetected_chromedriver             0x0000000100cd5ed5 undetected_chromedriver + 6377173
15  undetected_chromedriver             0x0000000100c9af01 undetected_chromedriver + 6135553
16  undetected_chromedriver             0x0000000100cf7a98 undetected_chromedriver + 6515352
17  undetected_chromedriver             0x0000000100cf7c53 undetected_chromedriver + 6515795
18  undetected_chromedriver             0x0000000100d0a91c undetected_chromedriver + 6592796
19  libsystem_pthread.dylib             0x00007ff81097ee59 _pthread_start + 115
20  libsystem_pthread.dylib             0x00007ff81097a857 thread_start + 15

2026-01-18 23:14:50,279 - INFO - 127.0.0.1 - - [18/Jan/2026 23:14:50] "POST /start_manual_login HTTP/1.1" 200 -
2026-01-18 23:15:33,325 - INFO -  * Detected change in '/Users/khushi22/Downloads/automation 3/app.py', reloading
2026-01-18 23:15:33,354 - INFO -  * Restarting with stat
2026-01-18 23:15:33,626 - WARNING -  * Debugger is active!
2026-01-18 23:15:33,634 - INFO -  * Debugger PIN: 110-291-873
2026-01-18 23:15:49,873 - INFO - [31m[1mWARNING: This is a development server. Do not use it in a production deployment. Use a production WSGI server instead.[0m
 * Running on all addresses (0.0.0.0)
 * Running on http://127.0.0.1:5001
 * Running on http://192.168.34.91:5001
2026-01-18 23:15:49,873 - INFO - [33mPress CTRL+C to quit[0m
2026-01-18 23:15:49,875 - INFO -  * Restarting with stat
2026-01-18 23:15:50,073 - WARNING -  * Debugger is active!
2026-01-18 23:15:50,079 - INFO -  * Debugger PIN: 110-291-873
2026-01-18 23:16:10,710 - INFO - 127.0.0.1 - - [18/Jan/2026 23:16:10] "GET / HTTP/1.1" 200 -
2026-01-18 23:16:10,998 - INFO - 127.0.0.1 - - [18/Jan/2026 23:16:10] "[35m[1mGET /favicon.ico HTTP/1.1[0m" 204 -
2026-01-18 23:16:35,525 - INFO - 🔧 Initializing browser (this may take a moment)...
2026-01-18 23:16:40,857 - INFO - patching driver executable /Users/khushi22/Library/Application Support/undetected_chromedriver/undetected_chromedriver
2026-01-18 23:16:47,465 - INFO - ✅ Browser initialized successfully
2026-01-18 23:16:47,466 - INFO - 🚀 Starting booking automation with MANUAL LOGIN
2026-01-18 23:16:47,466 - INFO - ============================================================
2026-01-18 23:16:48,084 - INFO - ✅ Internet connection verified
2026-01-18 23:16:48,084 - INFO - 🌐 Opening login page...
2026-01-18 23:16:48,084 - INFO - 🌐 Navigating to https://www.g4k.go.kr/cipl/0100/login.do
2026-01-18 23:16:48,087 - ERROR - ❌ Navigation failed: Message: no such window: target window already closed
from unknown error: web view not found
  (Session info: chrome=143.0.7499.193)
Stacktrace:
0   undetected_chromedriver             0x0000000101456
2026-01-18 23:16:54,881 - INFO - 🔒 Browser closed
2026-01-18 23:16:54,881 - INFO - 127.0.0.1 - - [18/Jan/2026 23:16:54] "POST /start_manual_login HTTP/1.1" 200 -
2026-01-18 23:17:27,578 - INFO -  * Detected change in '/Users/khushi22/Downloads/automation 3/app.py', reloading
2026-01-18 23:17:27,615 - INFO -  * Restarting with stat
2026-01-18 23:17:27,940 - WARNING -  * Debugger is active!
2026-01-18 23:17:27,948 - INFO -  * Debugger PIN: 110-291-873
2026-01-18 23:17:45,794 - INFO - [31m[1mWARNING: This is a development server. Do not use it in a production deployment. Use a production WSGI server instead.[0m
 * Running on all addresses (0.0.0.0)
 * Running on http://127.0.0.1:5001
 * Running on http://192.168.34.91:5001
2026-01-18 23:17:45,794 - INFO - [33mPress CTRL+C to quit[0m
2026-01-18 23:17:45,796 - INFO -  * Restarting with stat
2026-01-18 23:17:45,987 - WARNING -  * Debugger is active!
2026-01-18 23:17:45,993 - INFO -  * Debugger PIN: 110-291-873
2026-01-18 23:18:10,004 - INFO - 127.0.0.1 - - [18/Jan/2026 23:18:10] "GET / HTTP/1.1" 200 -
2026-01-18 23:18:10,252 - INFO - 127.0.0.1 - - [18/Jan/2026 23:18:10] "[35m[1mGET /favicon.ico HTTP/1.1[0m" 204 -
2026-01-18 23:18:36,647 - INFO - 🔧 Initializing browser (this may take a moment)...
2026-01-18 23:19:24,076 - INFO - patching driver executable /Users/khushi22/Library/Application Support/undetected_chromedriver/undetected_chromedriver
2026-01-18 23:19:33,543 - INFO - ✅ Browser window verified active
2026-01-18 23:19:33,551 - INFO - ✅ Browser initialized successfully
2026-01-18 23:19:33,552 - INFO - 🚀 Starting booking automation with MANUAL LOGIN
2026-01-18 23:19:33,552 - INFO - ============================================================
2026-01-18 23:19:33,553 - INFO - ✅ Internet connection verified
2026-01-18 23:19:33,553 - INFO - 🌐 Opening login page...
2026-01-18 23:19:33,553 - INFO - 🌐 Navigating to https://www.g4k.go.kr/cipl/0100/login.do
2026-01-18 23:19:53,096 - INFO - ✅ Page loaded: 로그인 | 재외동포 365민원포털
2026-01-18 23:19:53,247 - INFO - 📸 Screenshot saved: 01_login_page.png
2026-01-18 23:19:53,247 - INFO - ✅ Login page loaded
2026-01-18 23:19:53,247 - INFO - ============================================================
2026-01-18 23:19:53,247 - INFO - ⏸️  MANUAL LOGIN REQUIRED
2026-01-18 23:19:53,247 - INFO - ============================================================
2026-01-18 23:19:53,247 - INFO - 👤 Please LOGIN MANUALLY in the browser window:
2026-01-18 23:19:53,247 - INFO -    1. Enter your username
2026-01-18 23:19:53,247 - INFO -    2. Enter your password
2026-01-18 23:19:53,247 - INFO -    3. Complete any CAPTCHA if present
2026-01-18 23:19:53,247 - INFO -    4. Click the LOGIN button
2026-01-18 23:19:53,247 - INFO - 
2026-01-18 23:19:53,247 - INFO - ⏳ Waiting 60 seconds for you to complete login...
2026-01-18 23:19:53,248 - INFO -    (The automation will continue automatically)
2026-01-18 23:19:53,248 - INFO - ============================================================
2026-01-18 23:19:57,572 - INFO - ⏳ Waiting for login... (55s remaining)
2026-01-18 23:20:02,491 - INFO - ⏳ Waiting for login... (50s remaining)
2026-01-18 23:20:06,869 - INFO - ⏳ Waiting for login... (45s remaining)
2026-01-18 23:20:12,285 - INFO - ⏳ Waiting for login... (40s remaining)
2026-01-18 23:20:16,642 - INFO - ⏳ Waiting for login... (35s remaining)
2026-01-18 23:20:20,988 - INFO - ⏳ Waiting for login... (30s remaining)
2026-01-18 23:20:29,844 - INFO - ✅ Login detected! URL changed - continuing automation...
2026-01-18 23:20:29,998 - INFO - 📸 Screenshot saved: 02_after_manual_login.png
2026-01-18 23:20:30,000 - INFO - 📍 Current URL after login wait: https://www.g4k.go.kr/biz/main/main.do
2026-01-18 23:20:30,000 - INFO - ============================================================
2026-01-18 23:20:30,001 - INFO - 🤖 Starting AUTOMATIC BOOKING...
2026-01-18 23:20:30,001 - INFO - ============================================================
2026-01-18 23:20:32,899 - INFO - 📸 Screenshot saved: 03_booking_page.png
2026-01-18 23:20:32,899 - INFO - 📋 Step: Filling booking form fields...
2026-01-18 23:22:09,335 - INFO - ✅ Booking process completed!
2026-01-18 23:22:09,337 - INFO - 📧 Please check your email for confirmation
2026-01-18 23:22:16,730 - INFO - 🔒 Browser closed
2026-01-18 23:22:16,732 - INFO - 127.0.0.1 - - [18/Jan/2026 23:22:16] "POST /start_manual_login HTTP/1.1" 200 -
2026-01-18 23:25:33,811 - INFO -  * Detected change in '/Users/khushi22/Downloads/automation 3/app.py', reloading
2026-01-18 23:25:33,862 - INFO -  * Restarting with stat
2026-01-18 23:25:34,166 - WARNING -  * Debugger is active!
2026-01-18 23:25:34,172 - INFO -  * Debugger PIN: 110-291-873
2026-01-18 23:25:50,792 - INFO - [31m[1mWARNING: This is a development server. Do not use it in a production deployment. Use a production WSGI server instead.[0m
 * Running on all addresses (0.0.0.0)
 * Running on http://127.0.0.1:5001
 * Running on http://192.168.34.91:5001
2026-01-18 23:25:50,792 - INFO - [33mPress CTRL+C to quit[0m
2026-01-18 23:25:50,794 - INFO -  * Restarting with stat
2026-01-18 23:25:50,998 - WARNING -  * Debugger is active!
2026-01-18 23:25:51,005 - INFO -  * Debugger PIN: 110-291-873
2026-01-19 17:50:49,960 - INFO - [31m[1mWARNING: This is a development server. Do not use it in a production deployment. Use a production WSGI server instead.[0m
 * Running on all addresses (0.0.0.0)
 * Running on http://127.0.0.1:5001
 * Running on http://192.168.62.91:5001
2026-01-19 17:50:49,960 - INFO - [33mPress CTRL+C to quit[0m
2026-01-19 17:50:49,962 - INFO -  * Restarting with stat
2026-01-19 17:50:50,762 - WARNING -  * Debugger is active!
2026-01-19 17:50:50,780 - INFO -  * Debugger PIN: 110-291-873
2026-01-19 17:50:50,823 - INFO - 127.0.0.1 - - [19/Jan/2026 17:50:50] "GET / HTTP/1.1" 200 -
2026-01-19 17:50:50,885 - INFO - 127.0.0.1 - - [19/Jan/2026 17:50:50] "[35m[1mGET /favicon.ico HTTP/1.1[0m" 204 -
2026-01-19 17:51:19,928 - INFO - 🔧 Initializing browser (this may take a moment)...
2026-01-19 17:51:23,461 - INFO - patching driver executable /Users/khushi22/Library/Application Support/undetected_chromedriver/undetected_chromedriver
2026-01-19 17:51:32,710 - INFO - ✅ Browser window verified active
2026-01-19 17:51:32,725 - INFO - ✅ Browser initialized successfully
2026-01-19 17:51:32,725 - INFO - 🚀 Starting booking automation with MANUAL LOGIN
2026-01-19 17:51:32,725 - INFO - ============================================================
2026-01-19 17:51:33,599 - INFO - ✅ Internet connection verified
2026-01-19 17:51:33,599 - INFO - 🌐 Opening login page...
2026-01-19 17:51:33,599 - INFO - 🌐 Navigating to https://www.g4k.go.kr/cipl/0100/login.do
2026-01-19 17:51:43,886 - INFO - ✅ Page loaded: 로그인 | 재외동포 365민원포털
2026-01-19 17:51:44,048 - INFO - 📸 Screenshot saved: 01_login_page.png
2026-01-19 17:51:44,048 - INFO - ✅ Login page loaded
2026-01-19 17:51:44,048 - INFO - ============================================================
2026-01-19 17:51:44,048 - INFO - ⏸️  MANUAL LOGIN REQUIRED
2026-01-19 17:51:44,048 - INFO - ============================================================
2026-01-19 17:51:44,048 - INFO - 👤 Please LOGIN MANUALLY in the browser window:
2026-01-19 17:51:44,049 - INFO -    1. Enter your username
2026-01-19 17:51:44,049 - INFO -    2. Enter your password
2026-01-19 17:51:44,049 - INFO -    3. Complete any CAPTCHA if present
2026-01-19 17:51:44,049 - INFO -    4. Click the LOGIN button
2026-01-19 17:51:44,049 - INFO - 
2026-01-19 17:51:44,049 - INFO - ⏳ Waiting 60 seconds for you to complete login...
2026-01-19 17:51:44,049 - INFO -    (The automation will continue automatically)
2026-01-19 17:51:44,049 - INFO - ============================================================
2026-01-19 17:51:49,316 - INFO - ⏳ Waiting for login... (55s remaining)
2026-01-19 17:51:54,161 - INFO - ⏳ Waiting for login... (50s remaining)
2026-01-19 17:51:59,521 - INFO - ⏳ Waiting for login... (45s remaining)
2026-01-19 17:52:03,601 - INFO - ⏳ Waiting for login... (40s remaining)
2026-01-19 17:52:12,785 - INFO - ✅ Login detected! URL changed - continuing automation...
2026-01-19 17:52:12,941 - INFO - 📸 Screenshot saved: 02_after_manual_login.png
2026-01-19 17:52:12,943 - INFO - 📍 Current URL after login wait: https://www.g4k.go.kr/biz/main/main.do
2026-01-19 17:52:12,943 - INFO - ============================================================
2026-01-19 17:52:12,943 - INFO - 🤖 Starting AUTOMATIC BOOKING...
2026-01-19 17:52:12,943 - INFO - ============================================================
2026-01-19 17:52:15,958 - INFO - 📸 Screenshot saved: 03_booking_page.png
2026-01-19 17:52:15,960 - INFO - � Current URL: https://www.g4k.go.kr/biz/main/main.do
2026-01-19 17:52:15,960 - INFO - ⚠️ Not on booking page yet, navigating...
2026-01-19 17:52:19,506 - INFO - 📸 Screenshot saved: 04_navigated_booking.png
2026-01-19 17:52:19,506 - INFO - 📋 Starting to fill booking form...
2026-01-19 17:52:19,506 - INFO - 🏛️ Embassy to select: Seoul Embassy 
2026-01-19 17:52:19,506 - INFO - 🔍 Step 1: Looking for embassy/mission selection...
2026-01-19 17:52:19,514 - INFO - 🔍 Trying name='smMissionCd': found 0 elements
2026-01-19 17:52:19,519 - INFO - 🔍 Trying id='smMissionCd': found 0 elements
2026-01-19 17:52:19,525 - INFO - 🔍 Trying name contains 'mission': found 0 elements
2026-01-19 17:52:19,530 - INFO - 🔍 Trying id contains 'mission': found 0 elements
2026-01-19 17:52:19,536 - INFO - 🔍 Trying name contains 'embassy': found 0 elements
2026-01-19 17:52:19,541 - INFO - 🔍 Trying any select element: found 0 elements
2026-01-19 17:52:19,541 - INFO - ⚠️ Embassy field not found - may need manual selection
2026-01-19 17:52:19,541 - INFO - 🔍 Step 2: Looking for date/time selection...
2026-01-19 17:52:21,499 - INFO - 💡 Date field not found or date not provided - manual selection may be needed
2026-01-19 17:52:21,525 - INFO - 🔍 Step 4: Looking for submit/confirmation button...
2026-01-19 17:52:21,553 - INFO - 💡 Submit button not found - please complete submission manually
2026-01-19 17:52:21,553 - INFO - ✅ Booking automation completed!
2026-01-19 17:52:21,553 - INFO - 📧 Please verify the booking in the browser and check your email for confirmation
2026-01-19 17:52:21,553 - INFO - 🌐 Browser will remain open for your verification
2026-01-19 17:52:29,592 - INFO - 🔒 Browser closed
2026-01-19 17:52:29,593 - INFO - 127.0.0.1 - - [19/Jan/2026 17:52:29] "POST /start_manual_login HTTP/1.1" 200 -
2026-01-19 17:58:53,304 - INFO -  * Detected change in '/Users/khushi22/Downloads/automation 3/app.py', reloading
2026-01-19 17:58:53,336 - INFO -  * Restarting with stat
2026-01-19 17:58:53,611 - WARNING -  * Debugger is active!
2026-01-19 17:58:53,617 - INFO -  * Debugger PIN: 110-291-873
2026-01-19 17:59:07,316 - INFO - [31m[1mWARNING: This is a development server. Do not use it in a production deployment. Use a production WSGI server instead.[0m
 * Running on all addresses (0.0.0.0)
 * Running on http://127.0.0.1:5001
 * Running on http://192.168.62.91:5001
2026-01-19 17:59:07,316 - INFO - [33mPress CTRL+C to quit[0m
2026-01-19 17:59:07,317 - INFO -  * Restarting with stat
2026-01-19 17:59:07,515 - WARNING -  * Debugger is active!
2026-01-19 17:59:07,521 - INFO -  * Debugger PIN: 110-291-873
2026-01-19 18:00:21,635 - INFO - 127.0.0.1 - - [19/Jan/2026 18:00:21] "GET / HTTP/1.1" 200 -
2026-01-19 18:00:21,853 - INFO - 127.0.0.1 - - [19/Jan/2026 18:00:21] "[35m[1mGET /favicon.ico HTTP/1.1[0m" 204 -
2026-01-19 18:00:47,168 - INFO - 🔧 Initializing browser (this may take a moment)...
2026-01-19 18:00:49,689 - INFO - patching driver executable /Users/khushi22/Library/Application Support/undetected_chromedriver/undetected_chromedriver
2026-01-19 18:00:56,711 - INFO - ✅ Browser window verified active
2026-01-19 18:00:56,718 - INFO - ✅ Browser initialized successfully
2026-01-19 18:00:56,718 - INFO - 🚀 Starting booking automation with MANUAL LOGIN
2026-01-19 18:00:56,718 - INFO - ============================================================
2026-01-19 18:00:56,719 - INFO - ✅ Internet connection verified
2026-01-19 18:00:56,719 - INFO - 🌐 Opening login page...
2026-01-19 18:00:56,719 - INFO - 🌐 Navigating to https://www.g4k.go.kr/cipl/0100/login.do
2026-01-19 18:01:08,837 - INFO - ✅ Page loaded: 로그인 | 재외동포 365민원포털
2026-01-19 18:01:08,988 - INFO - 📸 Screenshot saved: 01_login_page.png
2026-01-19 18:01:08,988 - INFO - ✅ Login page loaded
2026-01-19 18:01:08,988 - INFO - ============================================================
2026-01-19 18:01:08,988 - INFO - ⏸️  MANUAL LOGIN REQUIRED
2026-01-19 18:01:08,988 - INFO - ============================================================
2026-01-19 18:01:08,988 - INFO - 👤 Please LOGIN MANUALLY in the browser window:
2026-01-19 18:01:08,988 - INFO -    1. Enter your username
2026-01-19 18:01:08,988 - INFO -    2. Enter your password
2026-01-19 18:01:08,988 - INFO -    3. Complete any CAPTCHA if present
2026-01-19 18:01:08,988 - INFO -    4. Click the LOGIN button
2026-01-19 18:01:08,988 - INFO - 
2026-01-19 18:01:08,988 - INFO - ⏳ Waiting 60 seconds for you to complete login...
2026-01-19 18:01:08,988 - INFO -    (The automation will continue automatically)
2026-01-19 18:01:08,988 - INFO - ============================================================
2026-01-19 18:01:13,442 - INFO - ⏳ Waiting for login... (55s remaining)
2026-01-19 18:01:19,367 - INFO - ⏳ Waiting for login... (50s remaining)
2026-01-19 18:01:24,468 - INFO - ⏳ Waiting for login... (45s remaining)
2026-01-19 18:01:30,309 - INFO - ⏳ Waiting for login... (40s remaining)
2026-01-19 18:01:34,419 - INFO - ⏳ Waiting for login... (35s remaining)
2026-01-19 18:01:41,209 - INFO - ✅ Login detected! URL changed - continuing automation...
2026-01-19 18:01:41,342 - INFO - 📸 Screenshot saved: 02_after_manual_login.png
2026-01-19 18:01:41,344 - INFO - 📍 Current URL after login wait: https://www.g4k.go.kr/biz/main/main.do
2026-01-19 18:01:41,344 - INFO - ============================================================
2026-01-19 18:01:41,344 - INFO - 🤖 Starting AUTOMATIC BOOKING...
2026-01-19 18:01:41,344 - INFO - ============================================================
2026-01-19 18:01:43,617 - INFO - 📸 Screenshot saved: 03_booking_page.png
2026-01-19 18:01:43,620 - INFO - � Current URL: https://www.g4k.go.kr/biz/main/main.do
2026-01-19 18:01:43,622 - INFO - 📄 Page Title: Overseas Koreans 365 Civil Complaint Portal
2026-01-19 18:01:43,622 - INFO - 🔍 DEBUG: Analyzing page structure...
2026-01-19 18:01:43,631 - INFO - 🔍 Found 21 buttons/button-like elements
2026-01-19 18:01:43,665 - INFO -   Button 1: 'No text' | id='No ID' | visible=False
2026-01-19 18:01:43,686 - INFO -   Button 2: 'No text' | id='No ID' | visible=False
2026-01-19 18:01:43,708 - INFO -   Button 3: 'No text' | id='No ID' | visible=False
2026-01-19 18:01:43,732 - INFO -   Button 4: 'No text' | id='No ID' | visible=False
2026-01-19 18:01:43,747 - INFO -   Button 5: 'My Page' | id='No ID' | visible=True
2026-01-19 18:01:43,759 - INFO -   Button 6: 'search' | id='No ID' | visible=True
2026-01-19 18:01:43,774 - INFO -   Button 7: 'Select language' | id='No ID' | visible=True
2026-01-19 18:01:43,792 - INFO -   Button 8: 'menu' | id='No ID' | visible=True
2026-01-19 18:01:43,817 - INFO -   Button 9: 'No text' | id='No ID' | visible=False
2026-01-19 18:01:43,839 - INFO -   Button 10: 'No text' | id='No ID' | visible=False
2026-01-19 18:01:43,845 - INFO - 🔍 Found 1 select dropdowns
2026-01-19 18:01:43,867 - INFO -   Select 1: name='No name' | id='langSelect' | options=4 | visible=True
2026-01-19 18:01:43,873 - INFO - 🔍 Found 8 input fields
2026-01-19 18:01:43,917 - INFO - 🔍 1 input fields are visible
2026-01-19 18:01:43,936 - INFO -   Input 1: type='text' | name='No name' | id='allSc' | placeholder='Search for the complaint you a'
2026-01-19 18:01:45,009 - INFO - 🔍 Found 22 visible links with text
2026-01-19 18:01:45,018 - INFO -   Link 1: 'Civil complaint application' -> No href
2026-01-19 18:01:45,026 - INFO -   Link 2: 'Civil Complaint Information' -> No href
2026-01-19 18:01:45,036 - INFO -   Link 3: 'customer service center' -> No href
2026-01-19 18:01:45,044 - INFO -   Link 4: 'My Page' -> javascript:void(0);
2026-01-19 18:01:45,053 - INFO -   Link 5: 'search' -> javascript:void(0);
2026-01-19 18:01:45,062 - INFO -   Link 6: 'Select language' -> https://www.g4k.go.kr/en/main.do
2026-01-19 18:01:45,070 - INFO -   Link 7: 'menu' -> javascript:void(0);
2026-01-19 18:01:45,080 - INFO -   Link 8: 'I'm curious!
Consular Services Guide' -> https://www.g4k.go.kr/cipp/0100/selectCivilComplaintList.do
2026-01-19 18:01:45,089 - INFO -   Link 9: 'Where are you?
Go to the Civil Affairs Office' -> https://www.g4k.go.kr/ciph/1000/selectCIPHFindEmbl1000.do
2026-01-19 18:01:45,099 - INFO -   Link 10: 'Need advice ?
Chat/Phone' -> javascript:void(0);
2026-01-19 18:01:45,105 - INFO - 🔍 Found 1 iframes on page
2026-01-19 18:01:45,105 - INFO - ⚠️ Not on booking page yet, navigating...
2026-01-19 18:01:48,836 - INFO - 📸 Screenshot saved: 04_navigated_booking.png
2026-01-19 18:01:48,836 - INFO - 📋 Starting to fill booking form...
2026-01-19 18:01:48,836 - INFO - 🏛️ Embassy to select: Seoul Embassy 
2026-01-19 18:01:48,836 - INFO - 🔍 Step 1: Looking for embassy/mission selection...
2026-01-19 18:01:48,842 - INFO - 🔍 Trying name='smMissionCd': found 0 elements
2026-01-19 18:01:48,848 - INFO - 🔍 Trying id='smMissionCd': found 0 elements
2026-01-19 18:01:48,853 - INFO - 🔍 Trying name contains 'mission': found 0 elements
2026-01-19 18:01:48,858 - INFO - 🔍 Trying id contains 'mission': found 0 elements
2026-01-19 18:01:48,863 - INFO - 🔍 Trying name contains 'embassy': found 0 elements
2026-01-19 18:01:48,867 - INFO - 🔍 Trying any select element: found 0 elements
2026-01-19 18:01:48,868 - INFO - ⚠️ Embassy field not found - may need manual selection
2026-01-19 18:01:48,868 - INFO - 🔍 Step 2: Looking for date/time selection...
2026-01-19 18:01:50,161 - INFO - 💡 Date field not found or date not provided - manual selection may be needed
2026-01-19 18:01:50,189 - INFO - 🔍 Step 4: Looking for submit/confirmation button...
2026-01-19 18:01:50,218 - INFO - 💡 Submit button not found - please complete submission manually
2026-01-19 18:01:50,218 - INFO - ✅ Booking automation completed!
2026-01-19 18:01:50,218 - INFO - 📧 Please verify the booking in the browser and check your email for confirmation
2026-01-19 18:01:50,218 - INFO - 🌐 Browser will remain open for your verification
2026-01-19 18:01:58,590 - INFO - 🔒 Browser closed
2026-01-19 18:01:58,590 - INFO - 127.0.0.1 - - [19/Jan/2026 18:01:58] "POST /start_manual_login HTTP/1.1" 200 -
2026-01-19 18:04:31,926 - INFO -  * Detected change in '/Users/khushi22/Downloads/automation 3/app.py', reloading
2026-01-19 18:04:31,956 - INFO -  * Restarting with stat
2026-01-19 18:04:32,231 - WARNING -  * Debugger is active!
2026-01-19 18:04:32,239 - INFO -  * Debugger PIN: 110-291-873
2026-01-19 18:05:00,937 - INFO - [31m[1mWARNING: This is a development server. Do not use it in a production deployment. Use a production WSGI server instead.[0m
 * Running on all addresses (0.0.0.0)
 * Running on http://127.0.0.1:5001
 * Running on http://192.168.62.91:5001
2026-01-19 18:05:00,937 - INFO - [33mPress CTRL+C to quit[0m
2026-01-19 18:05:00,940 - INFO -  * Restarting with stat
2026-01-19 18:05:01,151 - WARNING -  * Debugger is active!
2026-01-19 18:05:01,156 - INFO -  * Debugger PIN: 110-291-873
2026-01-19 18:05:01,402 - INFO - 127.0.0.1 - - [19/Jan/2026 18:05:01] "GET / HTTP/1.1" 200 -
2026-01-19 18:05:01,495 - INFO - 127.0.0.1 - - [19/Jan/2026 18:05:01] "[35m[1mGET /favicon.ico HTTP/1.1[0m" 204 -
2026-01-19 18:05:09,246 - INFO - 127.0.0.1 - - [19/Jan/2026 18:05:09] "[35m[1mGET /favicon.ico HTTP/1.1[0m" 204 -
2026-01-19 18:05:10,864 - INFO - 127.0.0.1 - - [19/Jan/2026 18:05:10] "[35m[1mGET /favicon.ico HTTP/1.1[0m" 204 -
2026-01-19 18:05:11,978 - INFO - 127.0.0.1 - - [19/Jan/2026 18:05:11] "[35m[1mGET /favicon.ico HTTP/1.1[0m" 204 -
2026-01-19 18:05:15,745 - INFO - 127.0.0.1 - - [19/Jan/2026 18:05:15] "[35m[1mGET /favicon.ico HTTP/1.1[0m" 204 -
2026-01-19 18:05:52,348 - INFO - 🔧 Initializing browser (this may take a moment)...
2026-01-19 18:05:55,107 - INFO - patching driver executable /Users/khushi22/Library/Application Support/undetected_chromedriver/undetected_chromedriver
2026-01-19 18:06:02,264 - INFO - ⚠️ Browser verification failed: Message: no such window: target window already closed
from unknown error: web view not found
  (Session info: chrome=143.0.7499.193)
Stacktrace:
0   undetected_chromedriver             0x000000010354e068 undetected_chromedriver + 6631528
1   undetected_chromedriver             0x0000000103544d1a undetected_chromedriver + 6593818
2   undetected_chromedriver             0x0000000102f65ccb undetected_chromedriver + 437451
3   undetected_chromedriver             0x0000000102f3a5f0 undetected_chromedriver + 259568
4   undetected_chromedriver             0x0000000102fe5918 undetected_chromedriver + 960792
5   undetected_chromedriver             0x0000000103004d48 undetected_chromedriver + 1088840
6   undetected_chromedriver             0x0000000102fa9fb7 undetected_chromedriver + 716727
7   undetected_chromedriver             0x0000000102faac81 undetected_chromedriver + 720001
8   undetected_chromedriver             0x000000010350b011 undetected_chromedriver + 6357009
9   undetected_chromedriver             0x000000010350f460 undetected_chromedriver + 6374496
10  undetected_chromedriver             0x00000001034e6023 undetected_chromedriver + 6205475
11  undetected_chromedriver             0x000000010350fed5 undetected_chromedriver + 6377173
12  undetected_chromedriver             0x00000001034d4f01 undetected_chromedriver + 6135553
13  undetected_chromedriver             0x0000000103531a98 undetected_chromedriver + 6515352
14  undetected_chromedriver             0x0000000103531c53 undetected_chromedriver + 6515795
15  undetected_chromedriver             0x000000010354491c undetected_chromedriver + 6592796
16  libsystem_pthread.dylib             0x00007ff81a3fee59 _pthread_start + 115
17  libsystem_pthread.dylib             0x00007ff81a3fa857 thread_start + 15

2026-01-19 18:06:02,264 - ERROR - ❌ Failed to initialize browser: Browser closed prematurely
2026-01-19 18:06:02,499 - INFO - 🔒 Browser closed
2026-01-19 18:06:02,499 - INFO - 127.0.0.1 - - [19/Jan/2026 18:06:02] "POST /start_manual_login HTTP/1.1" 200 -
2026-01-19 18:07:05,159 - INFO -  * Detected change in '/Users/khushi22/Downloads/automation 3/app.py', reloading
2026-01-19 18:07:05,194 - INFO -  * Restarting with stat
2026-01-19 18:07:05,455 - WARNING -  * Debugger is active!
2026-01-19 18:07:05,463 - INFO -  * Debugger PIN: 110-291-873
2026-01-19 18:08:15,335 - INFO -  * Detected change in '/Users/khushi22/Downloads/automation 3/app.py', reloading
2026-01-19 18:08:15,373 - INFO -  * Restarting with stat
2026-01-19 18:08:15,627 - WARNING -  * Debugger is active!
2026-01-19 18:08:15,633 - INFO -  * Debugger PIN: 110-291-873
2026-01-19 18:09:42,956 - INFO -  * Detected change in '/Users/khushi22/Downloads/automation 3/app.py', reloading
2026-01-19 18:09:42,987 - INFO -  * Restarting with stat
2026-01-19 18:09:43,246 - WARNING -  * Debugger is active!
2026-01-19 18:09:43,253 - INFO -  * Debugger PIN: 110-291-873
2026-01-19 18:10:30,510 - INFO -  * Detected change in '/Users/khushi22/Downloads/automation 3/app.py', reloading
2026-01-19 18:10:30,550 - INFO -  * Restarting with stat
2026-01-19 18:10:30,806 - WARNING -  * Debugger is active!
2026-01-19 18:10:30,813 - INFO -  * Debugger PIN: 110-291-873
2026-01-19 18:10:52,089 - INFO - [31m[1mWARNING: This is a development server. Do not use it in a production deployment. Use a production WSGI server instead.[0m
 * Running on all addresses (0.0.0.0)
 * Running on http://127.0.0.1:5001
 * Running on http://192.168.62.91:5001
2026-01-19 18:10:52,090 - INFO - [33mPress CTRL+C to quit[0m
2026-01-19 18:10:52,091 - INFO -  * Restarting with stat
2026-01-19 18:10:52,292 - WARNING -  * Debugger is active!
2026-01-19 18:10:52,297 - INFO -  * Debugger PIN: 110-291-873
2026-01-19 18:11:45,466 - INFO - 127.0.0.1 - - [19/Jan/2026 18:11:45] "GET / HTTP/1.1" 200 -
2026-01-19 18:11:45,538 - INFO - 127.0.0.1 - - [19/Jan/2026 18:11:45] "[35m[1mGET /favicon.ico HTTP/1.1[0m" 204 -
2026-01-19 18:12:11,731 - INFO - 🚀 Starting booking automation with MANUAL LOGIN
2026-01-19 18:12:11,732 - INFO - ============================================================
2026-01-19 18:12:11,732 - INFO - 🔧 Initializing browser for manual login (stable mode)...
2026-01-19 18:12:11,732 - INFO - 🔧 Initializing browser (this may take a moment)...
2026-01-19 18:12:11,732 - INFO - 🔧 Using standard ChromeDriver (stable mode)...
2026-01-19 18:12:11,732 - INFO - ====== WebDriver manager ======
2026-01-19 18:12:11,935 - INFO - Get LATEST chromedriver version for google-chrome
2026-01-19 18:12:12,301 - INFO - Get LATEST chromedriver version for google-chrome
2026-01-19 18:12:12,624 - INFO - There is no [mac64] chromedriver "143.0.7499.192" for browser google-chrome "143.0.7499" in cache
2026-01-19 18:12:12,638 - INFO - Get LATEST chromedriver version for google-chrome
2026-01-19 18:12:13,408 - INFO - WebDriver version 143.0.7499.192 selected
2026-01-19 18:12:13,412 - INFO - Modern chrome version https://storage.googleapis.com/chrome-for-testing-public/143.0.7499.192/mac-arm64/chromedriver-mac-arm64.zip
2026-01-19 18:12:13,413 - INFO - About to download new driver from https://storage.googleapis.com/chrome-for-testing-public/143.0.7499.192/mac-arm64/chromedriver-mac-arm64.zip
2026-01-19 18:12:13,767 - INFO - Driver downloading response is 200
2026-01-19 18:12:15,311 - INFO - Get LATEST chromedriver version for google-chrome
2026-01-19 18:12:15,723 - INFO - Driver has been saved in cache [/Users/khushi22/.wdm/drivers/chromedriver/mac64/143.0.7499.192]
2026-01-19 18:12:15,727 - ERROR - ❌ Failed to initialize browser: [Errno 8] Exec format error: '/Users/khushi22/.wdm/drivers/chromedriver/mac64/143.0.7499.192/chromedriver-mac-arm64/THIRD_PARTY_NOTICES.chromedriver'
2026-01-19 18:12:22,973 - INFO - 127.0.0.1 - - [19/Jan/2026 18:12:22] "POST /start_manual_login HTTP/1.1" 200 -
2026-01-19 18:13:09,899 - INFO -  * Detected change in '/Users/khushi22/Downloads/automation 3/app.py', reloading
2026-01-19 18:13:09,930 - INFO -  * Restarting with stat
2026-01-19 18:13:10,184 - WARNING -  * Debugger is active!
2026-01-19 18:13:10,191 - INFO -  * Debugger PIN: 110-291-873
2026-01-19 18:15:04,155 - INFO - [31m[1mWARNING: This is a development server. Do not use it in a production deployment. Use a production WSGI server instead.[0m
 * Running on all addresses (0.0.0.0)
 * Running on http://127.0.0.1:5001
 * Running on http://192.168.62.91:5001
2026-01-19 18:15:04,156 - INFO - [33mPress CTRL+C to quit[0m
2026-01-19 18:15:04,159 - INFO -  * Restarting with stat
2026-01-19 18:15:04,354 - WARNING -  * Debugger is active!
2026-01-19 18:15:04,362 - INFO -  * Debugger PIN: 110-291-873
2026-01-19 18:15:04,680 - INFO - 127.0.0.1 - - [19/Jan/2026 18:15:04] "GET / HTTP/1.1" 200 -
2026-01-19 18:15:04,767 - INFO - 127.0.0.1 - - [19/Jan/2026 18:15:04] "[35m[1mGET /favicon.ico HTTP/1.1[0m" 204 -
2026-01-19 18:15:33,145 - INFO - 🚀 Starting booking automation with MANUAL LOGIN
2026-01-19 18:15:33,146 - INFO - ============================================================
2026-01-19 18:15:33,146 - INFO - 🔧 Initializing browser for manual login (stable mode)...
2026-01-19 18:15:33,146 - INFO - 🔧 Initializing browser (this may take a moment)...
2026-01-19 18:15:33,146 - INFO - 🔧 Using standard ChromeDriver (stable mode)...
2026-01-19 18:15:33,147 - INFO - ====== WebDriver manager ======
2026-01-19 18:15:33,279 - INFO - Get LATEST chromedriver version for google-chrome
2026-01-19 18:15:33,563 - INFO - Get LATEST chromedriver version for google-chrome
2026-01-19 18:15:33,821 - INFO - Driver [/Users/khushi22/.wdm/drivers/chromedriver/mac64/143.0.7499.192/chromedriver-mac-arm64/THIRD_PARTY_NOTICES.chromedriver] found in cache
2026-01-19 18:15:33,821 - INFO - 🔍 Initial driver path: /Users/khushi22/.wdm/drivers/chromedriver/mac64/143.0.7499.192/chromedriver-mac-arm64/THIRD_PARTY_NOTICES.chromedriver
2026-01-19 18:15:33,821 - INFO - 🔧 Using ChromeDriver at: /Users/khushi22/.wdm/drivers/chromedriver/mac64/143.0.7499.192/chromedriver-mac-arm64/THIRD_PARTY_NOTICES.chromedriver
2026-01-19 18:15:33,827 - ERROR - ❌ Failed to initialize browser: [Errno 8] Exec format error: '/Users/khushi22/.wdm/drivers/chromedriver/mac64/143.0.7499.192/chromedriver-mac-arm64/THIRD_PARTY_NOTICES.chromedriver'
2026-01-19 18:15:39,241 - INFO - 127.0.0.1 - - [19/Jan/2026 18:15:39] "POST /start_manual_login HTTP/1.1" 200 -
2026-01-19 18:17:33,382 - INFO -  * Detected change in '/Users/khushi22/Downloads/automation 3/app.py', reloading
2026-01-19 18:17:33,415 - INFO -  * Restarting with stat
2026-01-19 18:17:33,676 - WARNING -  * Debugger is active!
2026-01-19 18:17:33,682 - INFO -  * Debugger PIN: 110-291-873
2026-01-19 18:17:59,151 - INFO - 127.0.0.1 - - [19/Jan/2026 18:17:59] "GET / HTTP/1.1" 200 -
2026-01-19 18:17:59,223 - INFO - 127.0.0.1 - - [19/Jan/2026 18:17:59] "[35m[1mGET /favicon.ico HTTP/1.1[0m" 204 -
2026-01-19 18:18:41,911 - INFO - 🚀 Starting booking automation with MANUAL LOGIN
2026-01-19 18:18:41,912 - INFO - ============================================================
2026-01-19 18:18:41,912 - INFO - 🔧 Initializing browser for manual login (stable mode)...
2026-01-19 18:18:41,912 - INFO - 🔧 Initializing browser (this may take a moment)...
2026-01-19 18:18:41,912 - INFO - 🔧 Using standard ChromeDriver (stable mode)...
2026-01-19 18:18:41,913 - INFO - ====== WebDriver manager ======
2026-01-19 18:18:42,045 - INFO - Get LATEST chromedriver version for google-chrome
2026-01-19 18:18:42,420 - INFO - Get LATEST chromedriver version for google-chrome
2026-01-19 18:18:42,764 - INFO - Driver [/Users/khushi22/.wdm/drivers/chromedriver/mac64/143.0.7499.192/chromedriver-mac-arm64/THIRD_PARTY_NOTICES.chromedriver] found in cache
2026-01-19 18:18:42,764 - INFO - 🔍 Initial driver path: /Users/khushi22/.wdm/drivers/chromedriver/mac64/143.0.7499.192/chromedriver-mac-arm64/THIRD_PARTY_NOTICES.chromedriver
2026-01-19 18:18:42,764 - INFO - ⚠️ Incorrect path detected, fixing...
2026-01-19 18:18:42,764 - INFO - ✅ Found correct driver: /Users/khushi22/.wdm/drivers/chromedriver/mac64/143.0.7499.192/chromedriver-mac-arm64/chromedriver
2026-01-19 18:18:42,765 - INFO - ✅ Set executable permissions
2026-01-19 18:18:42,765 - INFO - 🔧 Using ChromeDriver at: /Users/khushi22/.wdm/drivers/chromedriver/mac64/143.0.7499.192/chromedriver-mac-arm64/chromedriver
2026-01-19 18:18:44,128 - INFO - ✅ Browser initialized successfully (standard mode)
2026-01-19 18:18:44,496 - INFO - ✅ Internet connection verified
2026-01-19 18:18:44,497 - INFO - 🌐 Opening login page...
2026-01-19 18:18:44,497 - INFO - 🌐 Navigating to https://www.g4k.go.kr/cipl/0100/login.do
2026-01-19 18:18:54,258 - INFO - ✅ Page loaded: 404 Error Page
2026-01-19 18:18:54,373 - INFO - 📸 Screenshot saved: 01_login_page.png
2026-01-19 18:18:54,373 - INFO - ✅ Login page loaded
2026-01-19 18:18:54,373 - INFO - ============================================================
2026-01-19 18:18:54,373 - INFO - ⏸️  MANUAL LOGIN REQUIRED
2026-01-19 18:18:54,373 - INFO - ============================================================
2026-01-19 18:18:54,374 - INFO - 👤 Please LOGIN MANUALLY in the browser window:
2026-01-19 18:18:54,374 - INFO -    1. Enter your username
2026-01-19 18:18:54,374 - INFO -    2. Enter your password
2026-01-19 18:18:54,374 - INFO -    3. Complete any CAPTCHA if present
2026-01-19 18:18:54,374 - INFO -    4. Click the LOGIN button
2026-01-19 18:18:54,374 - INFO - 
2026-01-19 18:18:54,374 - INFO - ⏳ Waiting 60 seconds for you to complete login...
2026-01-19 18:18:54,374 - INFO -    (The automation will continue automatically)
2026-01-19 18:18:54,374 - INFO - ============================================================
2026-01-19 18:18:59,653 - INFO - ✅ Login detected! Page changed - continuing automation...
2026-01-19 18:18:59,774 - INFO - 📸 Screenshot saved: 02_after_manual_login.png
2026-01-19 18:18:59,776 - INFO - 📍 Current URL after login wait: https://cdn-botmanager.stclab.com/TN250122-C6010DC7/block/5/index_1768367975281.html
2026-01-19 18:18:59,776 - INFO - ============================================================
2026-01-19 18:18:59,776 - INFO - 🤖 Starting AUTOMATIC BOOKING...
2026-01-19 18:18:59,776 - INFO - ============================================================
2026-01-19 18:19:02,196 - INFO - 📸 Screenshot saved: 03_booking_page.png
2026-01-19 18:19:02,198 - INFO - � Current URL: https://cdn-botmanager.stclab.com/TN250122-C6010DC7/block/5/index_1768367975281.html
2026-01-19 18:19:02,200 - INFO - 📄 Page Title: 404 Error Page
2026-01-19 18:19:02,200 - INFO - 🔍 DEBUG: Analyzing page structure...
2026-01-19 18:19:02,207 - INFO - 🔍 Found 1 buttons/button-like elements
2026-01-19 18:19:02,225 - INFO -   Button 1: 'Go Back' | id='No ID' | visible=True
2026-01-19 18:19:02,236 - INFO - 🔍 Found 0 select dropdowns
2026-01-19 18:19:02,242 - INFO - 🔍 Found 0 input fields
2026-01-19 18:19:02,242 - INFO - 🔍 0 input fields are visible
2026-01-19 18:19:02,247 - INFO - 🔍 Found 0 visible links with text
2026-01-19 18:19:02,251 - INFO - 🔍 Found 0 iframes on page
2026-01-19 18:19:02,252 - INFO - ⚠️ Not on booking page yet, navigating...
2026-01-19 18:19:07,374 - INFO - 📸 Screenshot saved: 04_navigated_booking.png
2026-01-19 18:19:07,378 - INFO - 📍 After navigation URL: https://cdn-botmanager.stclab.com/TN250122-C6010DC7/block/5/index_1768367975281.html
2026-01-19 18:19:07,378 - INFO - 📄 After navigation Title: 404 Error Page
2026-01-19 18:19:07,378 - INFO - ⚠️ Navigation may have been blocked or redirected!
2026-01-19 18:19:07,378 - INFO - 💡 Trying to find booking link on main page instead...
2026-01-19 18:19:07,384 - INFO - 🔍 Found 0 links matching pattern
2026-01-19 18:19:07,391 - INFO - 🔍 Found 0 links matching pattern
2026-01-19 18:19:07,397 - INFO - 🔍 Found 0 links matching pattern
2026-01-19 18:19:07,399 - INFO - 🔍 DEBUG: Analyzing page after navigation/click...
2026-01-19 18:19:07,404 - INFO - 🔍 Found 1 buttons after navigation
2026-01-19 18:19:07,416 - INFO -   Button 1: 'Go Back' | visible=True
2026-01-19 18:19:07,421 - INFO - 🔍 Found 0 select dropdowns after navigation
2026-01-19 18:19:07,426 - INFO - 🔍 Found 0 visible inputs after navigation
2026-01-19 18:19:07,426 - INFO - 📋 Starting to fill booking form...
2026-01-19 18:19:07,426 - INFO - 🏛️ Embassy to select: Seoul Embassy 
2026-01-19 18:19:07,426 - INFO - 🔍 Step 1: Looking for embassy/mission selection...
2026-01-19 18:19:07,431 - INFO - 🔍 Trying name='smMissionCd': found 0 elements
2026-01-19 18:19:07,435 - INFO - 🔍 Trying id='smMissionCd': found 0 elements
2026-01-19 18:19:07,440 - INFO - 🔍 Trying name contains 'mission': found 0 elements
2026-01-19 18:19:07,445 - INFO - 🔍 Trying id contains 'mission': found 0 elements
2026-01-19 18:19:07,449 - INFO - 🔍 Trying name contains 'embassy': found 0 elements
2026-01-19 18:19:07,453 - INFO - 🔍 Trying any select element: found 0 elements
2026-01-19 18:19:07,453 - INFO - ⚠️ Embassy field not found - may need manual selection
2026-01-19 18:19:07,453 - INFO - 🔍 Step 2: Looking for date/time selection...
2026-01-19 18:19:09,096 - INFO - 💡 Date field not found or date not provided - manual selection may be needed
2026-01-19 18:19:09,122 - INFO - 🔍 Step 4: Looking for submit/confirmation button...
2026-01-19 18:19:09,149 - INFO - 💡 Submit button not found - please complete submission manually
2026-01-19 18:19:09,149 - INFO - ✅ Booking automation completed!
2026-01-19 18:19:09,149 - INFO - 📧 Please verify the booking in the browser and check your email for confirmation
2026-01-19 18:19:09,149 - INFO - 🌐 Browser will remain open for your verification
2026-01-19 18:19:18,047 - INFO - 🔒 Browser closed
2026-01-19 18:19:18,047 - INFO - 127.0.0.1 - - [19/Jan/2026 18:19:18] "POST /start_manual_login HTTP/1.1" 200 -
2026-01-19 18:28:37,876 - INFO - [31m[1mWARNING: This is a development server. Do not use it in a production deployment. Use a production WSGI server instead.[0m
 * Running on all addresses (0.0.0.0)
 * Running on http://127.0.0.1:5001
 * Running on http://192.168.62.91:5001
2026-01-19 18:28:37,877 - INFO - [33mPress CTRL+C to quit[0m
2026-01-19 18:28:37,879 - INFO -  * Restarting with stat
2026-01-19 18:28:38,118 - WARNING -  * Debugger is active!
2026-01-19 18:28:38,124 - INFO -  * Debugger PIN: 110-291-873
2026-01-19 18:28:38,858 - INFO - 127.0.0.1 - - [19/Jan/2026 18:28:38] "GET / HTTP/1.1" 200 -
2026-01-19 18:28:39,019 - INFO - 127.0.0.1 - - [19/Jan/2026 18:28:39] "[35m[1mGET /favicon.ico HTTP/1.1[0m" 204 -
2026-01-19 18:33:51,114 - INFO - 🚀 Starting booking automation with MANUAL LOGIN
2026-01-19 18:33:51,115 - INFO - ============================================================
2026-01-19 18:33:51,115 - INFO - 🔧 Initializing browser for manual login (stable mode)...
2026-01-19 18:33:51,115 - INFO - 🔧 Initializing browser (this may take a moment)...
2026-01-19 18:33:51,115 - INFO - 🔧 Using standard ChromeDriver (stable mode)...
2026-01-19 18:33:51,115 - INFO - ====== WebDriver manager ======
2026-01-19 18:33:51,374 - INFO - Get LATEST chromedriver version for google-chrome
2026-01-19 18:33:52,951 - INFO - Get LATEST chromedriver version for google-chrome
2026-01-19 18:33:53,286 - INFO - Driver [/Users/khushi22/.wdm/drivers/chromedriver/mac64/143.0.7499.192/chromedriver-mac-arm64/THIRD_PARTY_NOTICES.chromedriver] found in cache
2026-01-19 18:33:53,287 - INFO - 🔍 Initial driver path: /Users/khushi22/.wdm/drivers/chromedriver/mac64/143.0.7499.192/chromedriver-mac-arm64/THIRD_PARTY_NOTICES.chromedriver
2026-01-19 18:33:53,287 - INFO - ⚠️ Incorrect path detected, fixing...
2026-01-19 18:33:53,287 - INFO - ✅ Found correct driver: /Users/khushi22/.wdm/drivers/chromedriver/mac64/143.0.7499.192/chromedriver-mac-arm64/chromedriver
2026-01-19 18:33:53,287 - INFO - ✅ Set executable permissions
2026-01-19 18:33:53,287 - INFO - 🔧 Using ChromeDriver at: /Users/khushi22/.wdm/drivers/chromedriver/mac64/143.0.7499.192/chromedriver-mac-arm64/chromedriver
2026-01-19 18:33:55,012 - INFO - ✅ Browser initialized successfully (standard mode)
2026-01-19 18:33:55,539 - INFO - ✅ Internet connection verified
2026-01-19 18:33:55,539 - INFO - 🌐 Opening login page...
2026-01-19 18:33:55,540 - INFO - 🌐 Navigating to https://www.g4k.go.kr/cipl/0100/login.do
2026-01-19 18:34:09,784 - INFO - ✅ Page loaded: 404 Error Page
2026-01-19 18:34:09,946 - INFO - 📸 Screenshot saved: 01_login_page.png
2026-01-19 18:34:09,947 - INFO - ✅ Login page loaded
2026-01-19 18:34:09,947 - INFO - ============================================================
2026-01-19 18:34:09,947 - INFO - ⏸️  MANUAL LOGIN REQUIRED
2026-01-19 18:34:09,947 - INFO - ============================================================
2026-01-19 18:34:09,947 - INFO - 👤 Please LOGIN MANUALLY in the browser window:
2026-01-19 18:34:09,947 - INFO -    1. Enter your username
2026-01-19 18:34:09,947 - INFO -    2. Enter your password
2026-01-19 18:34:09,947 - INFO -    3. Complete any CAPTCHA if present
2026-01-19 18:34:09,947 - INFO -    4. Click the LOGIN button
2026-01-19 18:34:09,947 - INFO - 
2026-01-19 18:34:09,947 - INFO - ⏳ Waiting 60 seconds for you to complete login...
2026-01-19 18:34:09,947 - INFO -    (The automation will continue automatically)
2026-01-19 18:34:09,947 - INFO - ============================================================
2026-01-19 18:34:15,053 - INFO - ✅ Login detected! Page changed - continuing automation...
2026-01-19 18:34:15,210 - INFO - 📸 Screenshot saved: 02_after_manual_login.png
2026-01-19 18:34:15,212 - INFO - 📍 Current URL after login wait: https://cdn-botmanager.stclab.com/TN250122-C6010DC7/block/5/index_1768367975281.html
2026-01-19 18:34:15,212 - INFO - ============================================================
2026-01-19 18:34:15,212 - INFO - 🤖 Starting AUTOMATIC BOOKING...
2026-01-19 18:34:15,212 - INFO - ============================================================
2026-01-19 18:34:18,049 - INFO - 📸 Screenshot saved: 03_booking_page.png
2026-01-19 18:34:18,052 - INFO - � Current URL: https://cdn-botmanager.stclab.com/TN250122-C6010DC7/block/5/index_1768367975281.html
2026-01-19 18:34:18,054 - INFO - 📄 Page Title: 404 Error Page
2026-01-19 18:34:18,054 - INFO - 🔍 DEBUG: Analyzing page structure...
2026-01-19 18:34:18,065 - INFO - 🔍 Found 1 buttons/button-like elements
2026-01-19 18:34:18,088 - INFO -   Button 1: 'Go Back' | id='No ID' | visible=True
2026-01-19 18:34:18,093 - INFO - 🔍 Found 0 select dropdowns
2026-01-19 18:34:18,100 - INFO - 🔍 Found 0 input fields
2026-01-19 18:34:18,100 - INFO - 🔍 0 input fields are visible
2026-01-19 18:34:18,106 - INFO - 🔍 Found 0 visible links with text
2026-01-19 18:34:18,111 - INFO - 🔍 Found 0 iframes on page
2026-01-19 18:34:18,111 - INFO - ⚠️ Not on booking page yet, navigating...
2026-01-19 18:34:23,315 - INFO - 📸 Screenshot saved: 04_navigated_booking.png
2026-01-19 18:34:23,319 - INFO - 📍 After navigation URL: https://cdn-botmanager.stclab.com/TN250122-C6010DC7/block/5/index_1768367975281.html
2026-01-19 18:34:23,319 - INFO - 📄 After navigation Title: 404 Error Page
2026-01-19 18:34:23,319 - INFO - ⚠️ Navigation may have been blocked or redirected!
2026-01-19 18:34:23,319 - INFO - 💡 Trying to find booking link on main page instead...
2026-01-19 18:34:23,326 - INFO - 🔍 Found 0 links matching pattern
2026-01-19 18:34:23,334 - INFO - 🔍 Found 0 links matching pattern
2026-01-19 18:34:23,341 - INFO - 🔍 Found 0 links matching pattern
2026-01-19 18:34:23,343 - INFO - 🔍 DEBUG: Analyzing page after navigation/click...
2026-01-19 18:34:23,348 - INFO - 🔍 Found 1 buttons after navigation
2026-01-19 18:34:23,362 - INFO -   Button 1: 'Go Back' | visible=True
2026-01-19 18:34:23,368 - INFO - 🔍 Found 0 select dropdowns after navigation
2026-01-19 18:34:23,373 - INFO - 🔍 Found 0 visible inputs after navigation
2026-01-19 18:34:23,373 - INFO - 📋 Starting to fill booking form...
2026-01-19 18:34:23,374 - INFO - 🏛️ Embassy to select: Seoul Embassy 
2026-01-19 18:34:23,374 - INFO - 🔍 Step 1: Looking for embassy/mission selection...
2026-01-19 18:34:23,379 - INFO - 🔍 Trying name='smMissionCd': found 0 elements
2026-01-19 18:34:23,385 - INFO - 🔍 Trying id='smMissionCd': found 0 elements
2026-01-19 18:34:23,390 - INFO - 🔍 Trying name contains 'mission': found 0 elements
2026-01-19 18:34:23,395 - INFO - 🔍 Trying id contains 'mission': found 0 elements
2026-01-19 18:34:23,400 - INFO - 🔍 Trying name contains 'embassy': found 0 elements
2026-01-19 18:34:23,403 - INFO - 🔍 Trying any select element: found 0 elements
2026-01-19 18:34:23,403 - INFO - ⚠️ Embassy field not found - may need manual selection
2026-01-19 18:34:23,403 - INFO - 🔍 Step 2: Looking for date/time selection...
2026-01-19 18:34:24,832 - INFO - 💡 Date field not found or date not provided - manual selection may be needed
2026-01-19 18:34:24,857 - INFO - 🔍 Step 4: Looking for submit/confirmation button...
2026-01-19 18:34:24,884 - INFO - 💡 Submit button not found - please complete submission manually
2026-01-19 18:34:24,884 - INFO - ✅ Booking automation completed!
2026-01-19 18:34:24,884 - INFO - 📧 Please verify the booking in the browser and check your email for confirmation
2026-01-19 18:34:24,884 - INFO - 🌐 Browser will remain open for your verification
2026-01-19 18:34:34,115 - INFO - 🔒 Browser closed
2026-01-19 18:34:34,115 - INFO - 127.0.0.1 - - [19/Jan/2026 18:34:34] "POST /start_manual_login HTTP/1.1" 200 -
2026-01-19 18:35:02,481 - INFO -  * Detected change in '/Users/khushi22/Downloads/automation 3/app.py', reloading
2026-01-19 18:35:02,517 - INFO -  * Restarting with stat
2026-01-19 18:35:02,846 - WARNING -  * Debugger is active!
2026-01-19 18:35:02,853 - INFO -  * Debugger PIN: 110-291-873
2026-01-19 18:35:34,664 - INFO -  * Detected change in '/Users/khushi22/Downloads/automation 3/app.py', reloading
2026-01-19 18:35:34,690 - INFO -  * Restarting with stat
2026-01-19 18:35:34,950 - WARNING -  * Debugger is active!
2026-01-19 18:35:34,956 - INFO -  * Debugger PIN: 110-291-873
2026-01-19 18:36:04,717 - INFO - [31m[1mWARNING: This is a development server. Do not use it in a production deployment. Use a production WSGI server instead.[0m
 * Running on all addresses (0.0.0.0)
 * Running on http://127.0.0.1:5001
 * Running on http://192.168.62.91:5001
2026-01-19 18:36:04,717 - INFO - [33mPress CTRL+C to quit[0m
2026-01-19 18:36:04,718 - INFO -  * Restarting with stat
2026-01-19 18:36:04,954 - WARNING -  * Debugger is active!
2026-01-19 18:36:04,961 - INFO -  * Debugger PIN: 110-291-873
2026-01-19 18:37:00,372 - INFO -  * Detected change in '/Users/khushi22/Downloads/automation 3/app.py', reloading
2026-01-19 18:37:00,418 - INFO -  * Restarting with stat
2026-01-19 18:37:00,667 - WARNING -  * Debugger is active!
2026-01-19 18:37:00,675 - INFO -  * Debugger PIN: 110-291-873
2026-01-19 18:37:21,781 - INFO - 127.0.0.1 - - [19/Jan/2026 18:37:21] "GET / HTTP/1.1" 200 -
2026-01-19 18:37:21,986 - INFO - 127.0.0.1 - - [19/Jan/2026 18:37:21] "[35m[1mGET /favicon.ico HTTP/1.1[0m" 204 -
2026-01-19 18:37:52,612 - INFO - 🚀 Starting booking automation with MANUAL LOGIN
2026-01-19 18:37:52,613 - INFO - ============================================================
2026-01-19 18:37:52,613 - INFO - 🔧 Initializing browser for manual login (anti-bot mode)...
2026-01-19 18:37:52,613 - INFO - 💡 Using undetected-chromedriver to bypass STCLab Bot Manager...
2026-01-19 18:37:52,613 - INFO - 🔧 Initializing browser (this may take a moment)...
2026-01-19 18:37:52,613 - INFO - 🔧 Using undetected ChromeDriver (maximum stealth mode)...
2026-01-19 18:37:52,614 - INFO - 🛡️ Configuring advanced anti-detection measures...
2026-01-19 18:37:52,614 - INFO - 🔄 Launching browser with anti-bot protection...
2026-01-19 18:37:56,415 - INFO - patching driver executable /Users/khushi22/Library/Application Support/undetected_chromedriver/undetected_chromedriver
2026-01-19 18:38:00,248 - INFO - ⏳ Waiting for browser initialization...
2026-01-19 18:38:06,253 - INFO - 🔐 Applying stealth scripts...
2026-01-19 18:38:06,268 - INFO - ✅ Stealth scripts applied successfully
2026-01-19 18:38:06,270 - INFO - ✅ Browser ready with maximum stealth protection
2026-01-19 18:38:06,271 - INFO - 🛡️ Bot detection bypass active
2026-01-19 18:38:06,273 - INFO - ✅ Internet connection verified
2026-01-19 18:38:06,273 - INFO - 🌐 Opening login page...
2026-01-19 18:38:06,273 - INFO - 🌐 Navigating to https://www.g4k.go.kr/cipl/0100/login.do
2026-01-19 18:38:17,628 - INFO - ✅ Page loaded: 에러페이지
2026-01-19 18:38:17,774 - INFO - 📸 Screenshot saved: 01_login_page.png
2026-01-19 18:38:17,774 - INFO - ✅ Login page loaded
2026-01-19 18:38:17,774 - INFO - ============================================================
2026-01-19 18:38:17,774 - INFO - ⏸️  MANUAL LOGIN REQUIRED
2026-01-19 18:38:17,774 - INFO - ============================================================
2026-01-19 18:38:17,774 - INFO - 👤 Please LOGIN MANUALLY in the browser window:
2026-01-19 18:38:17,775 - INFO -    1. Enter your username
2026-01-19 18:38:17,775 - INFO -    2. Enter your password
2026-01-19 18:38:17,775 - INFO -    3. Complete any CAPTCHA if present
2026-01-19 18:38:17,775 - INFO -    4. Click the LOGIN button
2026-01-19 18:38:17,775 - INFO - 
2026-01-19 18:38:17,775 - INFO - ⏳ Waiting 60 seconds for you to complete login...
2026-01-19 18:38:17,775 - INFO -    (The automation will continue automatically)
2026-01-19 18:38:17,775 - INFO - ============================================================
2026-01-19 18:38:23,403 - INFO - ✅ Login detected! Page changed - continuing automation...
2026-01-19 18:38:23,542 - INFO - 📸 Screenshot saved: 02_after_manual_login.png
2026-01-19 18:38:23,544 - INFO - 📍 Current URL after login wait: https://cdn-botmanager.stclab.com/TN250122-C6010DC7/block/5/index_1768367975281.html
2026-01-19 18:38:23,544 - INFO - ============================================================
2026-01-19 18:38:23,544 - INFO - 🤖 Starting AUTOMATIC BOOKING...
2026-01-19 18:38:23,544 - INFO - ============================================================
2026-01-19 18:38:26,270 - INFO - 📸 Screenshot saved: 03_booking_page.png
2026-01-19 18:38:26,282 - INFO - � Current URL: https://cdn-botmanager.stclab.com/TN250122-C6010DC7/block/5/index_1768367975281.html
2026-01-19 18:38:26,286 - INFO - 📄 Page Title: 404 Error Page
2026-01-19 18:38:26,286 - INFO - 🔍 DEBUG: Analyzing page structure...
2026-01-19 18:38:26,296 - INFO - 🔍 Found 1 buttons/button-like elements
2026-01-19 18:38:26,320 - INFO -   Button 1: 'Go Back' | id='No ID' | visible=True
2026-01-19 18:38:31,369 - INFO - 🔍 Found 0 select dropdowns
2026-01-19 18:38:36,390 - INFO - 🔍 Found 0 input fields
2026-01-19 18:38:36,390 - INFO - 🔍 0 input fields are visible
2026-01-19 18:38:41,440 - INFO - 🔍 Found 0 visible links with text
2026-01-19 18:38:46,446 - INFO - 🔍 Found 0 iframes on page
2026-01-19 18:38:46,446 - INFO - ⚠️ Not on booking page yet, navigating...
2026-01-19 18:38:51,848 - INFO - 📸 Screenshot saved: 04_navigated_booking.png
2026-01-19 18:38:51,855 - INFO - 📍 After navigation URL: https://cdn-botmanager.stclab.com/TN250122-C6010DC7/block/5/index_1768367975281.html
2026-01-19 18:38:51,855 - INFO - 📄 After navigation Title: 404 Error Page
2026-01-19 18:38:51,855 - INFO - ⚠️ Navigation may have been blocked or redirected!
2026-01-19 18:38:51,855 - INFO - 💡 Trying to find booking link on main page instead...
2026-01-19 18:38:56,911 - INFO - 🔍 Found 0 links matching pattern
2026-01-19 18:39:01,967 - INFO - 🔍 Found 0 links matching pattern
2026-01-19 18:39:06,992 - INFO - 🔍 Found 0 links matching pattern
2026-01-19 18:39:06,998 - INFO - 🔍 DEBUG: Analyzing page after navigation/click...
2026-01-19 18:39:07,011 - INFO - 🔍 Found 1 buttons after navigation
2026-01-19 18:39:07,037 - INFO -   Button 1: 'Go Back' | visible=True
2026-01-19 18:39:12,087 - INFO - 🔍 Found 0 select dropdowns after navigation
2026-01-19 18:39:17,099 - INFO - 🔍 Found 0 visible inputs after navigation
2026-01-19 18:39:17,100 - INFO - 📋 Starting to fill booking form...
2026-01-19 18:39:17,100 - INFO - 🏛️ Embassy to select: Seoul Embassy 
2026-01-19 18:39:17,100 - INFO - 🔍 Step 1: Looking for embassy/mission selection...
2026-01-19 18:39:22,148 - INFO - 🔍 Trying name='smMissionCd': found 0 elements
2026-01-19 18:39:27,162 - INFO - 🔍 Trying id='smMissionCd': found 0 elements
2026-01-19 18:39:32,226 - INFO - 🔍 Trying name contains 'mission': found 0 elements
2026-01-19 18:39:37,277 - INFO - 🔍 Trying id contains 'mission': found 0 elements
2026-01-19 18:39:42,342 - INFO - 🔍 Trying name contains 'embassy': found 0 elements
2026-01-19 18:39:47,383 - INFO - 🔍 Trying any select element: found 0 elements
2026-01-19 18:39:47,383 - INFO - ⚠️ Embassy field not found - may need manual selection
2026-01-19 18:39:47,383 - INFO - 🔍 Step 2: Looking for date/time selection...
2026-01-19 18:39:54,991 - INFO -  * Detected change in '/Users/khushi22/Downloads/automation 3/app.py', reloading
2026-01-19 18:39:55,018 - INFO -  * Restarting with stat
2026-01-19 18:39:55,288 - WARNING -  * Debugger is active!
2026-01-19 18:39:55,296 - INFO -  * Debugger PIN: 110-291-873
